회계연도,원래 공시일,비교표시 공시일,비교표시 보고서 연도,최초 매출 (원),비교표시 매출 (원),차이 (원)
2015,2016-03-30,2017-03-31,2016,200653482000000,200653482000000,0
2015,2016-03-30,2018-04-02,2017,200653482000000,200653482000000,0
2016,2017-03-31,2018-04-02,2017,201866745000000,201866745000000,0
2016,2017-03-31,2019-04-01,2018,201866745000000,201866745000000,0
2017,2018-04-02,2019-04-01,2018,239575376000000,239575376000000,0
2017,2018-04-02,2020-03-30,2019,239575376000000,239575376000000,0
2018,2019-04-01,2020-03-30,2019,243771415000000,243771415000000,0
2018,2019-04-01,2021-03-09,2020,243771415000000,243771415000000,0
2019,2020-03-30,2021-03-09,2020,230400881000000,230400881000000,0
2019,2020-03-30,2022-03-08,2021,230400881000000,230400881000000,0
2020,2021-03-09,2022-03-08,2021,236806988000000,236806988000000,0
2020,2021-03-09,2023-03-07,2022,236806988000000,236806988000000,0
2021,2022-03-08,2023-03-07,2022,279604799000000,279604799000000,0
2021,2022-03-08,2024-03-12,2023,279604799000000,279604799000000,0
2022,2023-03-07,2024-03-12,2023,302231360000000,302231360000000,0
2022,2023-03-07,2025-03-11,2024,302231360000000,302231360000000,0
2023,2024-03-12,2025-03-11,2024,258935494000000,258935494000000,0
2023,2024-03-12,2026-03-10,2025,258935494000000,258935494000000,0
2024,2025-03-11,2026-03-10,2025,300870903000000,300870903000000,0
