origin_year,target_year,method,method_name,cutoff_date,target_period_start,target_period_end,forecast_krw,actual_krw,actual_publication_date,days_until_actual,days_until_period_end,forecast_period,status,reason,analysis_basis,is_mock,actual_basis,actual_receipt_no,actual_source_url,actual_is_correction,error_krw,absolute_error_krw,ape_pct,signed_pct_error,input_max_publication_date,input_vintages
2015,2016,last_growth,직전연도 성장률 유지,2016-03-30,2016-01-01,2016-12-31,,201866745000000.0,2017-03-31,366.0,276,다음 회계연도 1월~12월 (1년),계산 불가,필요한 연속 연도 부족: [2014],최신 재무자료 기반의 회고적 비교,False,최초 연간 정기보고서 원문 확인,20170331004518,https://dart.fss.or.kr/report/viewer.do?rcpNo=20170331004518&dcmNo=5540271&eleId=13&offset=502744&length=111903&dtd=dart3.xsd,False,,,,,2016-03-30,"[{""year"": 2015, ""publication_date"": ""2016-03-30"", ""revenue_krw"": 200653482000000, ""receipt_no"": ""20160330003536"", ""source_url"": ""https://dart.fss.or.kr/report/viewer.do?rcpNo=20160330003536&dcmNo=5026126&eleId=13&offset=484673&length=108645&dtd=dart3.xsd"", ""value_basis"": ""current"", ""point_in_time_verified"": true}]"
2015,2016,cagr3,최근 3년 CAGR 유지,2016-03-30,2016-01-01,2016-12-31,,201866745000000.0,2017-03-31,366.0,276,다음 회계연도 1월~12월 (1년),계산 불가,"필요한 연속 연도 부족: [2012, 2013, 2014]",최신 재무자료 기반의 회고적 비교,False,최초 연간 정기보고서 원문 확인,20170331004518,https://dart.fss.or.kr/report/viewer.do?rcpNo=20170331004518&dcmNo=5540271&eleId=13&offset=502744&length=111903&dtd=dart3.xsd,False,,,,,2016-03-30,"[{""year"": 2015, ""publication_date"": ""2016-03-30"", ""revenue_krw"": 200653482000000, ""receipt_no"": ""20160330003536"", ""source_url"": ""https://dart.fss.or.kr/report/viewer.do?rcpNo=20160330003536&dcmNo=5026126&eleId=13&offset=484673&length=108645&dtd=dart3.xsd"", ""value_basis"": ""current"", ""point_in_time_verified"": true}]"
2015,2016,mean3,최근 3개 성장률 평균,2016-03-30,2016-01-01,2016-12-31,,201866745000000.0,2017-03-31,366.0,276,다음 회계연도 1월~12월 (1년),계산 불가,"필요한 연속 연도 부족: [2012, 2013, 2014]",최신 재무자료 기반의 회고적 비교,False,최초 연간 정기보고서 원문 확인,20170331004518,https://dart.fss.or.kr/report/viewer.do?rcpNo=20170331004518&dcmNo=5540271&eleId=13&offset=502744&length=111903&dtd=dart3.xsd,False,,,,,2016-03-30,"[{""year"": 2015, ""publication_date"": ""2016-03-30"", ""revenue_krw"": 200653482000000, ""receipt_no"": ""20160330003536"", ""source_url"": ""https://dart.fss.or.kr/report/viewer.do?rcpNo=20160330003536&dcmNo=5026126&eleId=13&offset=484673&length=108645&dtd=dart3.xsd"", ""value_basis"": ""current"", ""point_in_time_verified"": true}]"
2015,2016,flat,매출 유지 (기준),2016-03-30,2016-01-01,2016-12-31,200653482000000.0,201866745000000.0,2017-03-31,366.0,276,다음 회계연도 1월~12월 (1년),평가 완료,,과거 시점 백테스트 (입력 원문 검증 표시 기준),False,최초 연간 정기보고서 원문 확인,20170331004518,https://dart.fss.or.kr/report/viewer.do?rcpNo=20170331004518&dcmNo=5540271&eleId=13&offset=502744&length=111903&dtd=dart3.xsd,False,-1213263000000.0,1213263000000.0,0.60102172846746,-0.60102172846746,2016-03-30,"[{""year"": 2015, ""publication_date"": ""2016-03-30"", ""revenue_krw"": 200653482000000, ""receipt_no"": ""20160330003536"", ""source_url"": ""https://dart.fss.or.kr/report/viewer.do?rcpNo=20160330003536&dcmNo=5026126&eleId=13&offset=484673&length=108645&dtd=dart3.xsd"", ""value_basis"": ""current"", ""point_in_time_verified"": true}]"
2016,2017,last_growth,직전연도 성장률 유지,2017-03-31,2017-01-01,2017-12-31,203087344065601.72,239575376000000.0,2018-04-02,367.0,275,다음 회계연도 1월~12월 (1년),평가 완료,,과거 시점 백테스트 (입력 원문 검증 표시 기준),False,최초 연간 정기보고서 원문 확인,20180402005019,https://dart.fss.or.kr/report/viewer.do?rcpNo=20180402005019&dcmNo=6060273&eleId=13&offset=642452&length=115790&dtd=dart3.xsd,False,-36488031934398.28,36488031934398.28,15.230293089218936,-15.230293089218936,2017-03-31,"[{""year"": 2015, ""publication_date"": ""2017-03-31"", ""revenue_krw"": 200653482000000, ""receipt_no"": ""20170331004518"", ""source_url"": ""https://dart.fss.or.kr/report/viewer.do?rcpNo=20170331004518&dcmNo=5540271&eleId=13&offset=502744&length=111903&dtd=dart3.xsd"", ""value_basis"": ""comparative"", ""point_in_time_verified"": true}, {""year"": 2016, ""publication_date"": ""2017-03-31"", ""revenue_krw"": 201866745000000, ""receipt_no"": ""20170331004518"", ""source_url"": ""https://dart.fss.or.kr/report/viewer.do?rcpNo=20170331004518&dcmNo=5540271&eleId=13&offset=502744&length=111903&dtd=dart3.xsd"", ""value_basis"": ""current"", ""point_in_time_verified"": true}]"
2016,2017,cagr3,최근 3년 CAGR 유지,2017-03-31,2017-01-01,2017-12-31,,239575376000000.0,2018-04-02,367.0,275,다음 회계연도 1월~12월 (1년),계산 불가,"필요한 연속 연도 부족: [2013, 2014]",최신 재무자료 기반의 회고적 비교,False,최초 연간 정기보고서 원문 확인,20180402005019,https://dart.fss.or.kr/report/viewer.do?rcpNo=20180402005019&dcmNo=6060273&eleId=13&offset=642452&length=115790&dtd=dart3.xsd,False,,,,,2017-03-31,"[{""year"": 2015, ""publication_date"": ""2017-03-31"", ""revenue_krw"": 200653482000000, ""receipt_no"": ""20170331004518"", ""source_url"": ""https://dart.fss.or.kr/report/viewer.do?rcpNo=20170331004518&dcmNo=5540271&eleId=13&offset=502744&length=111903&dtd=dart3.xsd"", ""value_basis"": ""comparative"", ""point_in_time_verified"": true}, {""year"": 2016, ""publication_date"": ""2017-03-31"", ""revenue_krw"": 201866745000000, ""receipt_no"": ""20170331004518"", ""source_url"": ""https://dart.fss.or.kr/report/viewer.do?rcpNo=20170331004518&dcmNo=5540271&eleId=13&offset=502744&length=111903&dtd=dart3.xsd"", ""value_basis"": ""current"", ""point_in_time_verified"": true}]"
2016,2017,mean3,최근 3개 성장률 평균,2017-03-31,2017-01-01,2017-12-31,,239575376000000.0,2018-04-02,367.0,275,다음 회계연도 1월~12월 (1년),계산 불가,"필요한 연속 연도 부족: [2013, 2014]",최신 재무자료 기반의 회고적 비교,False,최초 연간 정기보고서 원문 확인,20180402005019,https://dart.fss.or.kr/report/viewer.do?rcpNo=20180402005019&dcmNo=6060273&eleId=13&offset=642452&length=115790&dtd=dart3.xsd,False,,,,,2017-03-31,"[{""year"": 2015, ""publication_date"": ""2017-03-31"", ""revenue_krw"": 200653482000000, ""receipt_no"": ""20170331004518"", ""source_url"": ""https://dart.fss.or.kr/report/viewer.do?rcpNo=20170331004518&dcmNo=5540271&eleId=13&offset=502744&length=111903&dtd=dart3.xsd"", ""value_basis"": ""comparative"", ""point_in_time_verified"": true}, {""year"": 2016, ""publication_date"": ""2017-03-31"", ""revenue_krw"": 201866745000000, ""receipt_no"": ""20170331004518"", ""source_url"": ""https://dart.fss.or.kr/report/viewer.do?rcpNo=20170331004518&dcmNo=5540271&eleId=13&offset=502744&length=111903&dtd=dart3.xsd"", ""value_basis"": ""current"", ""point_in_time_verified"": true}]"
2016,2017,flat,매출 유지 (기준),2017-03-31,2017-01-01,2017-12-31,201866745000000.0,239575376000000.0,2018-04-02,367.0,275,다음 회계연도 1월~12월 (1년),평가 완료,,과거 시점 백테스트 (입력 원문 검증 표시 기준),False,최초 연간 정기보고서 원문 확인,20180402005019,https://dart.fss.or.kr/report/viewer.do?rcpNo=20180402005019&dcmNo=6060273&eleId=13&offset=642452&length=115790&dtd=dart3.xsd,False,-37708631000000.0,37708631000000.0,15.739777446910905,-15.739777446910905,2017-03-31,"[{""year"": 2016, ""publication_date"": ""2017-03-31"", ""revenue_krw"": 201866745000000, ""receipt_no"": ""20170331004518"", ""source_url"": ""https://dart.fss.or.kr/report/viewer.do?rcpNo=20170331004518&dcmNo=5540271&eleId=13&offset=502744&length=111903&dtd=dart3.xsd"", ""value_basis"": ""current"", ""point_in_time_verified"": true}]"
2017,2018,last_growth,직전연도 성장률 유지,2018-04-02,2018-01-01,2018-12-31,284327964893580.5,243771415000000.0,2019-04-01,364.0,273,다음 회계연도 1월~12월 (1년),평가 완료,,과거 시점 백테스트 (입력 원문 검증 표시 기준),False,최초 연간 정기보고서 원문 확인,20190401004781,https://dart.fss.or.kr/report/viewer.do?rcpNo=20190401004781&dcmNo=6616741&eleId=13&offset=625579&length=120141&dtd=dart3.xsd,False,40556549893580.5,40556549893580.5,16.637122893830885,16.637122893830885,2018-04-02,"[{""year"": 2016, ""publication_date"": ""2018-04-02"", ""revenue_krw"": 201866745000000, ""receipt_no"": ""20180402005019"", ""source_url"": ""https://dart.fss.or.kr/report/viewer.do?rcpNo=20180402005019&dcmNo=6060273&eleId=13&offset=642452&length=115790&dtd=dart3.xsd"", ""value_basis"": ""comparative"", ""point_in_time_verified"": true}, {""year"": 2017, ""publication_date"": ""2018-04-02"", ""revenue_krw"": 239575376000000, ""receipt_no"": ""20180402005019"", ""source_url"": ""https://dart.fss.or.kr/report/viewer.do?rcpNo=20180402005019&dcmNo=6060273&eleId=13&offset=642452&length=115790&dtd=dart3.xsd"", ""value_basis"": ""current"", ""point_in_time_verified"": true}]"
2017,2018,cagr3,최근 3년 CAGR 유지,2018-04-02,2018-01-01,2018-12-31,,243771415000000.0,2019-04-01,364.0,273,다음 회계연도 1월~12월 (1년),계산 불가,필요한 연속 연도 부족: [2014],최신 재무자료 기반의 회고적 비교,False,최초 연간 정기보고서 원문 확인,20190401004781,https://dart.fss.or.kr/report/viewer.do?rcpNo=20190401004781&dcmNo=6616741&eleId=13&offset=625579&length=120141&dtd=dart3.xsd,False,,,,,2018-04-02,"[{""year"": 2015, ""publication_date"": ""2018-04-02"", ""revenue_krw"": 200653482000000, ""receipt_no"": ""20180402005019"", ""source_url"": ""https://dart.fss.or.kr/report/viewer.do?rcpNo=20180402005019&dcmNo=6060273&eleId=13&offset=642452&length=115790&dtd=dart3.xsd"", ""value_basis"": ""comparative"", ""point_in_time_verified"": true}, {""year"": 2016, ""publication_date"": ""2018-04-02"", ""revenue_krw"": 201866745000000, ""receipt_no"": ""20180402005019"", ""source_url"": ""https://dart.fss.or.kr/report/viewer.do?rcpNo=20180402005019&dcmNo=6060273&eleId=13&offset=642452&length=115790&dtd=dart3.xsd"", ""value_basis"": ""comparative"", ""point_in_time_verified"": true}, {""year"": 2017, ""publication_date"": ""2018-04-02"", ""revenue_krw"": 239575376000000, ""receipt_no"": ""20180402005019"", ""source_url"": ""https://dart.fss.or.kr/report/viewer.do?rcpNo=20180402005019&dcmNo=6060273&eleId=13&offset=642452&length=115790&dtd=dart3.xsd"", ""value_basis"": ""current"", ""point_in_time_verified"": true}]"
2017,2018,mean3,최근 3개 성장률 평균,2018-04-02,2018-01-01,2018-12-31,,243771415000000.0,2019-04-01,364.0,273,다음 회계연도 1월~12월 (1년),계산 불가,필요한 연속 연도 부족: [2014],최신 재무자료 기반의 회고적 비교,False,최초 연간 정기보고서 원문 확인,20190401004781,https://dart.fss.or.kr/report/viewer.do?rcpNo=20190401004781&dcmNo=6616741&eleId=13&offset=625579&length=120141&dtd=dart3.xsd,False,,,,,2018-04-02,"[{""year"": 2015, ""publication_date"": ""2018-04-02"", ""revenue_krw"": 200653482000000, ""receipt_no"": ""20180402005019"", ""source_url"": ""https://dart.fss.or.kr/report/viewer.do?rcpNo=20180402005019&dcmNo=6060273&eleId=13&offset=642452&length=115790&dtd=dart3.xsd"", ""value_basis"": ""comparative"", ""point_in_time_verified"": true}, {""year"": 2016, ""publication_date"": ""2018-04-02"", ""revenue_krw"": 201866745000000, ""receipt_no"": ""20180402005019"", ""source_url"": ""https://dart.fss.or.kr/report/viewer.do?rcpNo=20180402005019&dcmNo=6060273&eleId=13&offset=642452&length=115790&dtd=dart3.xsd"", ""value_basis"": ""comparative"", ""point_in_time_verified"": true}, {""year"": 2017, ""publication_date"": ""2018-04-02"", ""revenue_krw"": 239575376000000, ""receipt_no"": ""20180402005019"", ""source_url"": ""https://dart.fss.or.kr/report/viewer.do?rcpNo=20180402005019&dcmNo=6060273&eleId=13&offset=642452&length=115790&dtd=dart3.xsd"", ""value_basis"": ""current"", ""point_in_time_verified"": true}]"
2017,2018,flat,매출 유지 (기준),2018-04-02,2018-01-01,2018-12-31,239575376000000.0,243771415000000.0,2019-04-01,364.0,273,다음 회계연도 1월~12월 (1년),평가 완료,,과거 시점 백테스트 (입력 원문 검증 표시 기준),False,최초 연간 정기보고서 원문 확인,20190401004781,https://dart.fss.or.kr/report/viewer.do?rcpNo=20190401004781&dcmNo=6616741&eleId=13&offset=625579&length=120141&dtd=dart3.xsd,False,-4196039000000.0,4196039000000.0,1.721300670138047,-1.721300670138047,2018-04-02,"[{""year"": 2017, ""publication_date"": ""2018-04-02"", ""revenue_krw"": 239575376000000, ""receipt_no"": ""20180402005019"", ""source_url"": ""https://dart.fss.or.kr/report/viewer.do?rcpNo=20180402005019&dcmNo=6060273&eleId=13&offset=642452&length=115790&dtd=dart3.xsd"", ""value_basis"": ""current"", ""point_in_time_verified"": true}]"
2018,2019,last_growth,직전연도 성장률 유지,2019-04-01,2019-01-01,2019-12-31,248040945456357.0,230400881000000.0,2020-03-30,364.0,274,다음 회계연도 1월~12월 (1년),평가 완료,,과거 시점 백테스트 (입력 원문 검증 표시 기준),False,최초 연간 정기보고서 원문 확인,20200330003851,https://dart.fss.or.kr/report/viewer.do?rcpNo=20200330003851&dcmNo=7202455&eleId=13&offset=629645&length=115706&dtd=dart3.xsd,False,17640064456357.0,17640064456357.0,7.656248700002584,7.656248700002584,2019-04-01,"[{""year"": 2017, ""publication_date"": ""2019-04-01"", ""revenue_krw"": 239575376000000, ""receipt_no"": ""20190401004781"", ""source_url"": ""https://dart.fss.or.kr/report/viewer.do?rcpNo=20190401004781&dcmNo=6616741&eleId=13&offset=625579&length=120141&dtd=dart3.xsd"", ""value_basis"": ""comparative"", ""point_in_time_verified"": true}, {""year"": 2018, ""publication_date"": ""2019-04-01"", ""revenue_krw"": 243771415000000, ""receipt_no"": ""20190401004781"", ""source_url"": ""https://dart.fss.or.kr/report/viewer.do?rcpNo=20190401004781&dcmNo=6616741&eleId=13&offset=625579&length=120141&dtd=dart3.xsd"", ""value_basis"": ""current"", ""point_in_time_verified"": true}]"
2018,2019,cagr3,최근 3년 CAGR 유지,2019-04-01,2019-01-01,2019-12-31,260112648293335.72,230400881000000.0,2020-03-30,364.0,274,다음 회계연도 1월~12월 (1년),평가 완료,,과거 시점 백테스트 (입력 원문 검증 표시 기준),False,최초 연간 정기보고서 원문 확인,20200330003851,https://dart.fss.or.kr/report/viewer.do?rcpNo=20200330003851&dcmNo=7202455&eleId=13&offset=629645&length=115706&dtd=dart3.xsd,False,29711767293335.72,29711767293335.72,12.89568302186124,12.89568302186124,2019-04-01,"[{""year"": 2015, ""publication_date"": ""2018-04-02"", ""revenue_krw"": 200653482000000, ""receipt_no"": ""20180402005019"", ""source_url"": ""https://dart.fss.or.kr/report/viewer.do?rcpNo=20180402005019&dcmNo=6060273&eleId=13&offset=642452&length=115790&dtd=dart3.xsd"", ""value_basis"": ""comparative"", ""point_in_time_verified"": true}, {""year"": 2016, ""publication_date"": ""2019-04-01"", ""revenue_krw"": 201866745000000, ""receipt_no"": ""20190401004781"", ""source_url"": ""https://dart.fss.or.kr/report/viewer.do?rcpNo=20190401004781&dcmNo=6616741&eleId=13&offset=625579&length=120141&dtd=dart3.xsd"", ""value_basis"": ""comparative"", ""point_in_time_verified"": true}, {""year"": 2017, ""publication_date"": ""2019-04-01"", ""revenue_krw"": 239575376000000, ""receipt_no"": ""20190401004781"", ""source_url"": ""https://dart.fss.or.kr/report/viewer.do?rcpNo=20190401004781&dcmNo=6616741&eleId=13&offset=625579&length=120141&dtd=dart3.xsd"", ""value_basis"": ""comparative"", ""point_in_time_verified"": true}, {""year"": 2018, ""publication_date"": ""2019-04-01"", ""revenue_krw"": 243771415000000, ""receipt_no"": ""20190401004781"", ""source_url"": ""https://dart.fss.or.kr/report/viewer.do?rcpNo=20190401004781&dcmNo=6616741&eleId=13&offset=625579&length=120141&dtd=dart3.xsd"", ""value_basis"": ""current"", ""point_in_time_verified"": true}]"
2018,2019,mean3,최근 3개 성장률 평균,2019-04-01,2019-01-01,2019-12-31,260864720311969.4,230400881000000.0,2020-03-30,364.0,274,다음 회계연도 1월~12월 (1년),평가 완료,,과거 시점 백테스트 (입력 원문 검증 표시 기준),False,최초 연간 정기보고서 원문 확인,20200330003851,https://dart.fss.or.kr/report/viewer.do?rcpNo=20200330003851&dcmNo=7202455&eleId=13&offset=629645&length=115706&dtd=dart3.xsd,False,30463839311969.406,30463839311969.406,13.22210192068207,13.22210192068207,2019-04-01,"[{""year"": 2015, ""publication_date"": ""2018-04-02"", ""revenue_krw"": 200653482000000, ""receipt_no"": ""20180402005019"", ""source_url"": ""https://dart.fss.or.kr/report/viewer.do?rcpNo=20180402005019&dcmNo=6060273&eleId=13&offset=642452&length=115790&dtd=dart3.xsd"", ""value_basis"": ""comparative"", ""point_in_time_verified"": true}, {""year"": 2016, ""publication_date"": ""2019-04-01"", ""revenue_krw"": 201866745000000, ""receipt_no"": ""20190401004781"", ""source_url"": ""https://dart.fss.or.kr/report/viewer.do?rcpNo=20190401004781&dcmNo=6616741&eleId=13&offset=625579&length=120141&dtd=dart3.xsd"", ""value_basis"": ""comparative"", ""point_in_time_verified"": true}, {""year"": 2017, ""publication_date"": ""2019-04-01"", ""revenue_krw"": 239575376000000, ""receipt_no"": ""20190401004781"", ""source_url"": ""https://dart.fss.or.kr/report/viewer.do?rcpNo=20190401004781&dcmNo=6616741&eleId=13&offset=625579&length=120141&dtd=dart3.xsd"", ""value_basis"": ""comparative"", ""point_in_time_verified"": true}, {""year"": 2018, ""publication_date"": ""2019-04-01"", ""revenue_krw"": 243771415000000, ""receipt_no"": ""20190401004781"", ""source_url"": ""https://dart.fss.or.kr/report/viewer.do?rcpNo=20190401004781&dcmNo=6616741&eleId=13&offset=625579&length=120141&dtd=dart3.xsd"", ""value_basis"": ""current"", ""point_in_time_verified"": true}]"
2018,2019,flat,매출 유지 (기준),2019-04-01,2019-01-01,2019-12-31,243771415000000.0,230400881000000.0,2020-03-30,364.0,274,다음 회계연도 1월~12월 (1년),평가 완료,,과거 시점 백테스트 (입력 원문 검증 표시 기준),False,최초 연간 정기보고서 원문 확인,20200330003851,https://dart.fss.or.kr/report/viewer.do?rcpNo=20200330003851&dcmNo=7202455&eleId=13&offset=629645&length=115706&dtd=dart3.xsd,False,13370534000000.0,13370534000000.0,5.803160969683966,5.803160969683966,2019-04-01,"[{""year"": 2018, ""publication_date"": ""2019-04-01"", ""revenue_krw"": 243771415000000, ""receipt_no"": ""20190401004781"", ""source_url"": ""https://dart.fss.or.kr/report/viewer.do?rcpNo=20190401004781&dcmNo=6616741&eleId=13&offset=625579&length=120141&dtd=dart3.xsd"", ""value_basis"": ""current"", ""point_in_time_verified"": true}]"
2019,2020,last_growth,직전연도 성장률 유지,2020-03-30,2020-01-01,2020-12-31,217763702793357.3,236806988000000.0,2021-03-09,344.0,276,다음 회계연도 1월~12월 (1년),평가 완료,,과거 시점 백테스트 (입력 원문 검증 표시 기준),False,최초 연간 정기보고서 원문 확인,20210309000744,https://dart.fss.or.kr/report/viewer.do?rcpNo=20210309000744&dcmNo=7861003&eleId=14&offset=687340&length=115750&dtd=dart3.xsd,False,-19043285206642.688,19043285206642.688,8.04169056305158,-8.04169056305158,2020-03-30,"[{""year"": 2018, ""publication_date"": ""2020-03-30"", ""revenue_krw"": 243771415000000, ""receipt_no"": ""20200330003851"", ""source_url"": ""https://dart.fss.or.kr/report/viewer.do?rcpNo=20200330003851&dcmNo=7202455&eleId=13&offset=629645&length=115706&dtd=dart3.xsd"", ""value_basis"": ""comparative"", ""point_in_time_verified"": true}, {""year"": 2019, ""publication_date"": ""2020-03-30"", ""revenue_krw"": 230400881000000, ""receipt_no"": ""20200330003851"", ""source_url"": ""https://dart.fss.or.kr/report/viewer.do?rcpNo=20200330003851&dcmNo=7202455&eleId=13&offset=629645&length=115706&dtd=dart3.xsd"", ""value_basis"": ""current"", ""point_in_time_verified"": true}]"
2019,2020,cagr3,최근 3년 CAGR 유지,2020-03-30,2020-01-01,2020-12-31,240781946182521.56,236806988000000.0,2021-03-09,344.0,276,다음 회계연도 1월~12월 (1년),평가 완료,,과거 시점 백테스트 (입력 원문 검증 표시 기준),False,최초 연간 정기보고서 원문 확인,20210309000744,https://dart.fss.or.kr/report/viewer.do?rcpNo=20210309000744&dcmNo=7861003&eleId=14&offset=687340&length=115750&dtd=dart3.xsd,False,3974958182521.5625,3974958182521.5625,1.6785645626815549,1.6785645626815549,2020-03-30,"[{""year"": 2016, ""publication_date"": ""2019-04-01"", ""revenue_krw"": 201866745000000, ""receipt_no"": ""20190401004781"", ""source_url"": ""https://dart.fss.or.kr/report/viewer.do?rcpNo=20190401004781&dcmNo=6616741&eleId=13&offset=625579&length=120141&dtd=dart3.xsd"", ""value_basis"": ""comparative"", ""point_in_time_verified"": true}, {""year"": 2017, ""publication_date"": ""2020-03-30"", ""revenue_krw"": 239575376000000, ""receipt_no"": ""20200330003851"", ""source_url"": ""https://dart.fss.or.kr/report/viewer.do?rcpNo=20200330003851&dcmNo=7202455&eleId=13&offset=629645&length=115706&dtd=dart3.xsd"", ""value_basis"": ""comparative"", ""point_in_time_verified"": true}, {""year"": 2018, ""publication_date"": ""2020-03-30"", ""revenue_krw"": 243771415000000, ""receipt_no"": ""20200330003851"", ""source_url"": ""https://dart.fss.or.kr/report/viewer.do?rcpNo=20200330003851&dcmNo=7202455&eleId=13&offset=629645&length=115706&dtd=dart3.xsd"", ""value_basis"": ""comparative"", ""point_in_time_verified"": true}, {""year"": 2019, ""publication_date"": ""2020-03-30"", ""revenue_krw"": 230400881000000, ""receipt_no"": ""20200330003851"", ""source_url"": ""https://dart.fss.or.kr/report/viewer.do?rcpNo=20200330003851&dcmNo=7202455&eleId=13&offset=629645&length=115706&dtd=dart3.xsd"", ""value_basis"": ""current"", ""point_in_time_verified"": true}]"
2019,2020,mean3,최근 3개 성장률 평균,2020-03-30,2020-01-01,2020-12-31,241879871325486.97,236806988000000.0,2021-03-09,344.0,276,다음 회계연도 1월~12월 (1년),평가 완료,,과거 시점 백테스트 (입력 원문 검증 표시 기준),False,최초 연간 정기보고서 원문 확인,20210309000744,https://dart.fss.or.kr/report/viewer.do?rcpNo=20210309000744&dcmNo=7861003&eleId=14&offset=687340&length=115750&dtd=dart3.xsd,False,5072883325486.969,5072883325486.969,2.142201701195984,2.142201701195984,2020-03-30,"[{""year"": 2016, ""publication_date"": ""2019-04-01"", ""revenue_krw"": 201866745000000, ""receipt_no"": ""20190401004781"", ""source_url"": ""https://dart.fss.or.kr/report/viewer.do?rcpNo=20190401004781&dcmNo=6616741&eleId=13&offset=625579&length=120141&dtd=dart3.xsd"", ""value_basis"": ""comparative"", ""point_in_time_verified"": true}, {""year"": 2017, ""publication_date"": ""2020-03-30"", ""revenue_krw"": 239575376000000, ""receipt_no"": ""20200330003851"", ""source_url"": ""https://dart.fss.or.kr/report/viewer.do?rcpNo=20200330003851&dcmNo=7202455&eleId=13&offset=629645&length=115706&dtd=dart3.xsd"", ""value_basis"": ""comparative"", ""point_in_time_verified"": true}, {""year"": 2018, ""publication_date"": ""2020-03-30"", ""revenue_krw"": 243771415000000, ""receipt_no"": ""20200330003851"", ""source_url"": ""https://dart.fss.or.kr/report/viewer.do?rcpNo=20200330003851&dcmNo=7202455&eleId=13&offset=629645&length=115706&dtd=dart3.xsd"", ""value_basis"": ""comparative"", ""point_in_time_verified"": true}, {""year"": 2019, ""publication_date"": ""2020-03-30"", ""revenue_krw"": 230400881000000, ""receipt_no"": ""20200330003851"", ""source_url"": ""https://dart.fss.or.kr/report/viewer.do?rcpNo=20200330003851&dcmNo=7202455&eleId=13&offset=629645&length=115706&dtd=dart3.xsd"", ""value_basis"": ""current"", ""point_in_time_verified"": true}]"
2019,2020,flat,매출 유지 (기준),2020-03-30,2020-01-01,2020-12-31,230400881000000.0,236806988000000.0,2021-03-09,344.0,276,다음 회계연도 1월~12월 (1년),평가 완료,,과거 시점 백테스트 (입력 원문 검증 표시 기준),False,최초 연간 정기보고서 원문 확인,20210309000744,https://dart.fss.or.kr/report/viewer.do?rcpNo=20210309000744&dcmNo=7861003&eleId=14&offset=687340&length=115750&dtd=dart3.xsd,False,-6406107000000.0,6406107000000.0,2.7052018414253887,-2.7052018414253887,2020-03-30,"[{""year"": 2019, ""publication_date"": ""2020-03-30"", ""revenue_krw"": 230400881000000, ""receipt_no"": ""20200330003851"", ""source_url"": ""https://dart.fss.or.kr/report/viewer.do?rcpNo=20200330003851&dcmNo=7202455&eleId=13&offset=629645&length=115706&dtd=dart3.xsd"", ""value_basis"": ""current"", ""point_in_time_verified"": true}]"
2020,2021,last_growth,직전연도 성장률 유지,2021-03-09,2021-01-01,2021-12-31,243391211536348.84,279604799000000.0,2022-03-08,364.0,297,다음 회계연도 1월~12월 (1년),평가 완료,,과거 시점 백테스트 (입력 원문 검증 표시 기준),False,최초 연간 정기보고서 원문 확인,20220308000798,https://dart.fss.or.kr/report/viewer.do?rcpNo=20220308000798&dcmNo=8446647&eleId=19&offset=425363&length=101414&dtd=dart3.xsd,False,-36213587463651.16,36213587463651.16,12.95170454626251,-12.95170454626251,2021-03-09,"[{""year"": 2019, ""publication_date"": ""2021-03-09"", ""revenue_krw"": 230400881000000, ""receipt_no"": ""20210309000744"", ""source_url"": ""https://dart.fss.or.kr/report/viewer.do?rcpNo=20210309000744&dcmNo=7861003&eleId=14&offset=687340&length=115750&dtd=dart3.xsd"", ""value_basis"": ""comparative"", ""point_in_time_verified"": true}, {""year"": 2020, ""publication_date"": ""2021-03-09"", ""revenue_krw"": 236806988000000, ""receipt_no"": ""20210309000744"", ""source_url"": ""https://dart.fss.or.kr/report/viewer.do?rcpNo=20210309000744&dcmNo=7861003&eleId=14&offset=687340&length=115750&dtd=dart3.xsd"", ""value_basis"": ""current"", ""point_in_time_verified"": true}]"
2020,2021,cagr3,최근 3년 CAGR 유지,2021-03-09,2021-01-01,2021-12-31,235891319190929.5,279604799000000.0,2022-03-08,364.0,297,다음 회계연도 1월~12월 (1년),평가 완료,,과거 시점 백테스트 (입력 원문 검증 표시 기준),False,최초 연간 정기보고서 원문 확인,20220308000798,https://dart.fss.or.kr/report/viewer.do?rcpNo=20220308000798&dcmNo=8446647&eleId=19&offset=425363&length=101414&dtd=dart3.xsd,False,-43713479809070.5,43713479809070.5,15.634023437870429,-15.634023437870429,2021-03-09,"[{""year"": 2017, ""publication_date"": ""2020-03-30"", ""revenue_krw"": 239575376000000, ""receipt_no"": ""20200330003851"", ""source_url"": ""https://dart.fss.or.kr/report/viewer.do?rcpNo=20200330003851&dcmNo=7202455&eleId=13&offset=629645&length=115706&dtd=dart3.xsd"", ""value_basis"": ""comparative"", ""point_in_time_verified"": true}, {""year"": 2018, ""publication_date"": ""2021-03-09"", ""revenue_krw"": 243771415000000, ""receipt_no"": ""20210309000744"", ""source_url"": ""https://dart.fss.or.kr/report/viewer.do?rcpNo=20210309000744&dcmNo=7861003&eleId=14&offset=687340&length=115750&dtd=dart3.xsd"", ""value_basis"": ""comparative"", ""point_in_time_verified"": true}, {""year"": 2019, ""publication_date"": ""2021-03-09"", ""revenue_krw"": 230400881000000, ""receipt_no"": ""20210309000744"", ""source_url"": ""https://dart.fss.or.kr/report/viewer.do?rcpNo=20210309000744&dcmNo=7861003&eleId=14&offset=687340&length=115750&dtd=dart3.xsd"", ""value_basis"": ""comparative"", ""point_in_time_verified"": true}, {""year"": 2020, ""publication_date"": ""2021-03-09"", ""revenue_krw"": 236806988000000, ""receipt_no"": ""20210309000744"", ""source_url"": ""https://dart.fss.or.kr/report/viewer.do?rcpNo=20210309000744&dcmNo=7861003&eleId=14&offset=687340&length=115750&dtd=dart3.xsd"", ""value_basis"": ""current"", ""point_in_time_verified"": true}]"
2020,2021,mean3,최근 3개 성장률 평균,2021-03-09,2021-01-01,2021-12-31,236054731698995.84,279604799000000.0,2022-03-08,364.0,297,다음 회계연도 1월~12월 (1년),평가 완료,,과거 시점 백테스트 (입력 원문 검증 표시 기준),False,최초 연간 정기보고서 원문 확인,20220308000798,https://dart.fss.or.kr/report/viewer.do?rcpNo=20220308000798&dcmNo=8446647&eleId=19&offset=425363&length=101414&dtd=dart3.xsd,False,-43550067301004.16,43550067301004.16,15.575579337965568,-15.575579337965568,2021-03-09,"[{""year"": 2017, ""publication_date"": ""2020-03-30"", ""revenue_krw"": 239575376000000, ""receipt_no"": ""20200330003851"", ""source_url"": ""https://dart.fss.or.kr/report/viewer.do?rcpNo=20200330003851&dcmNo=7202455&eleId=13&offset=629645&length=115706&dtd=dart3.xsd"", ""value_basis"": ""comparative"", ""point_in_time_verified"": true}, {""year"": 2018, ""publication_date"": ""2021-03-09"", ""revenue_krw"": 243771415000000, ""receipt_no"": ""20210309000744"", ""source_url"": ""https://dart.fss.or.kr/report/viewer.do?rcpNo=20210309000744&dcmNo=7861003&eleId=14&offset=687340&length=115750&dtd=dart3.xsd"", ""value_basis"": ""comparative"", ""point_in_time_verified"": true}, {""year"": 2019, ""publication_date"": ""2021-03-09"", ""revenue_krw"": 230400881000000, ""receipt_no"": ""20210309000744"", ""source_url"": ""https://dart.fss.or.kr/report/viewer.do?rcpNo=20210309000744&dcmNo=7861003&eleId=14&offset=687340&length=115750&dtd=dart3.xsd"", ""value_basis"": ""comparative"", ""point_in_time_verified"": true}, {""year"": 2020, ""publication_date"": ""2021-03-09"", ""revenue_krw"": 236806988000000, ""receipt_no"": ""20210309000744"", ""source_url"": ""https://dart.fss.or.kr/report/viewer.do?rcpNo=20210309000744&dcmNo=7861003&eleId=14&offset=687340&length=115750&dtd=dart3.xsd"", ""value_basis"": ""current"", ""point_in_time_verified"": true}]"
2020,2021,flat,매출 유지 (기준),2021-03-09,2021-01-01,2021-12-31,236806988000000.0,279604799000000.0,2022-03-08,364.0,297,다음 회계연도 1월~12월 (1년),평가 완료,,과거 시점 백테스트 (입력 원문 검증 표시 기준),False,최초 연간 정기보고서 원문 확인,20220308000798,https://dart.fss.or.kr/report/viewer.do?rcpNo=20220308000798&dcmNo=8446647&eleId=19&offset=425363&length=101414&dtd=dart3.xsd,False,-42797811000000.0,42797811000000.0,15.30653663780642,-15.30653663780642,2021-03-09,"[{""year"": 2020, ""publication_date"": ""2021-03-09"", ""revenue_krw"": 236806988000000, ""receipt_no"": ""20210309000744"", ""source_url"": ""https://dart.fss.or.kr/report/viewer.do?rcpNo=20210309000744&dcmNo=7861003&eleId=14&offset=687340&length=115750&dtd=dart3.xsd"", ""value_basis"": ""current"", ""point_in_time_verified"": true}]"
2021,2022,last_growth,직전연도 성장률 유지,2022-03-08,2022-01-01,2022-12-31,330137401282391.2,302231360000000.0,2023-03-07,364.0,298,다음 회계연도 1월~12월 (1년),평가 완료,,과거 시점 백테스트 (입력 원문 검증 표시 기준),False,최초 연간 정기보고서 원문 확인,20230307000542,https://dart.fss.or.kr/report/viewer.do?rcpNo=20230307000542&dcmNo=9040011&eleId=19&offset=305544&length=101364&dtd=dart3.xsd,False,27906041282391.188,27906041282391.188,9.233337428118375,9.233337428118375,2022-03-08,"[{""year"": 2020, ""publication_date"": ""2022-03-08"", ""revenue_krw"": 236806988000000, ""receipt_no"": ""20220308000798"", ""source_url"": ""https://dart.fss.or.kr/report/viewer.do?rcpNo=20220308000798&dcmNo=8446647&eleId=19&offset=425363&length=101414&dtd=dart3.xsd"", ""value_basis"": ""comparative"", ""point_in_time_verified"": true}, {""year"": 2021, ""publication_date"": ""2022-03-08"", ""revenue_krw"": 279604799000000, ""receipt_no"": ""20220308000798"", ""source_url"": ""https://dart.fss.or.kr/report/viewer.do?rcpNo=20220308000798&dcmNo=8446647&eleId=19&offset=425363&length=101414&dtd=dart3.xsd"", ""value_basis"": ""current"", ""point_in_time_verified"": true}]"
2021,2022,cagr3,최근 3년 CAGR 유지,2022-03-08,2022-01-01,2022-12-31,292683721702994.2,302231360000000.0,2023-03-07,364.0,298,다음 회계연도 1월~12월 (1년),평가 완료,,과거 시점 백테스트 (입력 원문 검증 표시 기준),False,최초 연간 정기보고서 원문 확인,20230307000542,https://dart.fss.or.kr/report/viewer.do?rcpNo=20230307000542&dcmNo=9040011&eleId=19&offset=305544&length=101364&dtd=dart3.xsd,False,-9547638297005.812,9547638297005.812,3.159049509953505,-3.159049509953505,2022-03-08,"[{""year"": 2018, ""publication_date"": ""2021-03-09"", ""revenue_krw"": 243771415000000, ""receipt_no"": ""20210309000744"", ""source_url"": ""https://dart.fss.or.kr/report/viewer.do?rcpNo=20210309000744&dcmNo=7861003&eleId=14&offset=687340&length=115750&dtd=dart3.xsd"", ""value_basis"": ""comparative"", ""point_in_time_verified"": true}, {""year"": 2020, ""publication_date"": ""2022-03-08"", ""revenue_krw"": 236806988000000, ""receipt_no"": ""20220308000798"", ""source_url"": ""https://dart.fss.or.kr/report/viewer.do?rcpNo=20220308000798&dcmNo=8446647&eleId=19&offset=425363&length=101414&dtd=dart3.xsd"", ""value_basis"": ""comparative"", ""point_in_time_verified"": true}, {""year"": 2019, ""publication_date"": ""2022-03-08"", ""revenue_krw"": 230400881000000, ""receipt_no"": ""20220308000798"", ""source_url"": ""https://dart.fss.or.kr/report/viewer.do?rcpNo=20220308000798&dcmNo=8446647&eleId=19&offset=425363&length=101414&dtd=dart3.xsd"", ""value_basis"": ""comparative"", ""point_in_time_verified"": true}, {""year"": 2021, ""publication_date"": ""2022-03-08"", ""revenue_krw"": 279604799000000, ""receipt_no"": ""20220308000798"", ""source_url"": ""https://dart.fss.or.kr/report/viewer.do?rcpNo=20220308000798&dcmNo=8446647&eleId=19&offset=425363&length=101414&dtd=dart3.xsd"", ""value_basis"": ""current"", ""point_in_time_verified"": true}]"
2021,2022,mean3,최근 3개 성장률 평균,2022-03-08,2022-01-01,2022-12-31,293928411290929.1,302231360000000.0,2023-03-07,364.0,298,다음 회계연도 1월~12월 (1년),평가 완료,,과거 시점 백테스트 (입력 원문 검증 표시 기준),False,최초 연간 정기보고서 원문 확인,20230307000542,https://dart.fss.or.kr/report/viewer.do?rcpNo=20230307000542&dcmNo=9040011&eleId=19&offset=305544&length=101364&dtd=dart3.xsd,False,-8302948709070.875,8302948709070.875,2.747216142319207,-2.747216142319207,2022-03-08,"[{""year"": 2018, ""publication_date"": ""2021-03-09"", ""revenue_krw"": 243771415000000, ""receipt_no"": ""20210309000744"", ""source_url"": ""https://dart.fss.or.kr/report/viewer.do?rcpNo=20210309000744&dcmNo=7861003&eleId=14&offset=687340&length=115750&dtd=dart3.xsd"", ""value_basis"": ""comparative"", ""point_in_time_verified"": true}, {""year"": 2020, ""publication_date"": ""2022-03-08"", ""revenue_krw"": 236806988000000, ""receipt_no"": ""20220308000798"", ""source_url"": ""https://dart.fss.or.kr/report/viewer.do?rcpNo=20220308000798&dcmNo=8446647&eleId=19&offset=425363&length=101414&dtd=dart3.xsd"", ""value_basis"": ""comparative"", ""point_in_time_verified"": true}, {""year"": 2019, ""publication_date"": ""2022-03-08"", ""revenue_krw"": 230400881000000, ""receipt_no"": ""20220308000798"", ""source_url"": ""https://dart.fss.or.kr/report/viewer.do?rcpNo=20220308000798&dcmNo=8446647&eleId=19&offset=425363&length=101414&dtd=dart3.xsd"", ""value_basis"": ""comparative"", ""point_in_time_verified"": true}, {""year"": 2021, ""publication_date"": ""2022-03-08"", ""revenue_krw"": 279604799000000, ""receipt_no"": ""20220308000798"", ""source_url"": ""https://dart.fss.or.kr/report/viewer.do?rcpNo=20220308000798&dcmNo=8446647&eleId=19&offset=425363&length=101414&dtd=dart3.xsd"", ""value_basis"": ""current"", ""point_in_time_verified"": true}]"
2021,2022,flat,매출 유지 (기준),2022-03-08,2022-01-01,2022-12-31,279604799000000.0,302231360000000.0,2023-03-07,364.0,298,다음 회계연도 1월~12월 (1년),평가 완료,,과거 시점 백테스트 (입력 원문 검증 표시 기준),False,최초 연간 정기보고서 원문 확인,20230307000542,https://dart.fss.or.kr/report/viewer.do?rcpNo=20230307000542&dcmNo=9040011&eleId=19&offset=305544&length=101364&dtd=dart3.xsd,False,-22626561000000.0,22626561000000.0,7.486503386015269,-7.486503386015269,2022-03-08,"[{""year"": 2021, ""publication_date"": ""2022-03-08"", ""revenue_krw"": 279604799000000, ""receipt_no"": ""20220308000798"", ""source_url"": ""https://dart.fss.or.kr/report/viewer.do?rcpNo=20220308000798&dcmNo=8446647&eleId=19&offset=425363&length=101414&dtd=dart3.xsd"", ""value_basis"": ""current"", ""point_in_time_verified"": true}]"
2022,2023,last_growth,직전연도 성장률 유지,2023-03-07,2023-01-01,2023-12-31,326688938437889.94,258935494000000.0,2024-03-12,371.0,299,다음 회계연도 1월~12월 (1년),평가 완료,,과거 시점 백테스트 (입력 원문 검증 표시 기준),False,최초 연간 정기보고서 원문 확인,20240312000736,https://dart.fss.or.kr/report/viewer.do?rcpNo=20240312000736&dcmNo=9702846&eleId=21&offset=347459&length=11956&dtd=dart4.xsd,False,67753444437889.94,67753444437889.94,26.16614794335223,26.16614794335223,2023-03-07,"[{""year"": 2021, ""publication_date"": ""2023-03-07"", ""revenue_krw"": 279604799000000, ""receipt_no"": ""20230307000542"", ""source_url"": ""https://dart.fss.or.kr/report/viewer.do?rcpNo=20230307000542&dcmNo=9040011&eleId=19&offset=305544&length=101364&dtd=dart3.xsd"", ""value_basis"": ""comparative"", ""point_in_time_verified"": true}, {""year"": 2022, ""publication_date"": ""2023-03-07"", ""revenue_krw"": 302231360000000, ""receipt_no"": ""20230307000542"", ""source_url"": ""https://dart.fss.or.kr/report/viewer.do?rcpNo=20230307000542&dcmNo=9040011&eleId=19&offset=305544&length=101364&dtd=dart3.xsd"", ""value_basis"": ""current"", ""point_in_time_verified"": true}]"
2022,2023,cagr3,최근 3년 CAGR 유지,2023-03-07,2023-01-01,2023-12-31,330845060798183.75,258935494000000.0,2024-03-12,371.0,299,다음 회계연도 1월~12월 (1년),평가 완료,,과거 시점 백테스트 (입력 원문 검증 표시 기준),False,최초 연간 정기보고서 원문 확인,20240312000736,https://dart.fss.or.kr/report/viewer.do?rcpNo=20240312000736&dcmNo=9702846&eleId=21&offset=347459&length=11956&dtd=dart4.xsd,False,71909566798183.75,71909566798183.75,27.771228149271703,27.771228149271703,2023-03-07,"[{""year"": 2019, ""publication_date"": ""2022-03-08"", ""revenue_krw"": 230400881000000, ""receipt_no"": ""20220308000798"", ""source_url"": ""https://dart.fss.or.kr/report/viewer.do?rcpNo=20220308000798&dcmNo=8446647&eleId=19&offset=425363&length=101414&dtd=dart3.xsd"", ""value_basis"": ""comparative"", ""point_in_time_verified"": true}, {""year"": 2020, ""publication_date"": ""2023-03-07"", ""revenue_krw"": 236806988000000, ""receipt_no"": ""20230307000542"", ""source_url"": ""https://dart.fss.or.kr/report/viewer.do?rcpNo=20230307000542&dcmNo=9040011&eleId=19&offset=305544&length=101364&dtd=dart3.xsd"", ""value_basis"": ""comparative"", ""point_in_time_verified"": true}, {""year"": 2021, ""publication_date"": ""2023-03-07"", ""revenue_krw"": 279604799000000, ""receipt_no"": ""20230307000542"", ""source_url"": ""https://dart.fss.or.kr/report/viewer.do?rcpNo=20230307000542&dcmNo=9040011&eleId=19&offset=305544&length=101364&dtd=dart3.xsd"", ""value_basis"": ""comparative"", ""point_in_time_verified"": true}, {""year"": 2022, ""publication_date"": ""2023-03-07"", ""revenue_krw"": 302231360000000, ""receipt_no"": ""20230307000542"", ""source_url"": ""https://dart.fss.or.kr/report/viewer.do?rcpNo=20230307000542&dcmNo=9040011&eleId=19&offset=305544&length=101364&dtd=dart3.xsd"", ""value_basis"": ""current"", ""point_in_time_verified"": true}]"
2022,2023,mean3,최근 3개 성장률 평균,2023-03-07,2023-01-01,2023-12-31,331392274430923.44,258935494000000.0,2024-03-12,371.0,299,다음 회계연도 1월~12월 (1년),평가 완료,,과거 시점 백테스트 (입력 원문 검증 표시 기준),False,최초 연간 정기보고서 원문 확인,20240312000736,https://dart.fss.or.kr/report/viewer.do?rcpNo=20240312000736&dcmNo=9702846&eleId=21&offset=347459&length=11956&dtd=dart4.xsd,False,72456780430923.44,72456780430923.44,27.98256017806637,27.98256017806637,2023-03-07,"[{""year"": 2019, ""publication_date"": ""2022-03-08"", ""revenue_krw"": 230400881000000, ""receipt_no"": ""20220308000798"", ""source_url"": ""https://dart.fss.or.kr/report/viewer.do?rcpNo=20220308000798&dcmNo=8446647&eleId=19&offset=425363&length=101414&dtd=dart3.xsd"", ""value_basis"": ""comparative"", ""point_in_time_verified"": true}, {""year"": 2020, ""publication_date"": ""2023-03-07"", ""revenue_krw"": 236806988000000, ""receipt_no"": ""20230307000542"", ""source_url"": ""https://dart.fss.or.kr/report/viewer.do?rcpNo=20230307000542&dcmNo=9040011&eleId=19&offset=305544&length=101364&dtd=dart3.xsd"", ""value_basis"": ""comparative"", ""point_in_time_verified"": true}, {""year"": 2021, ""publication_date"": ""2023-03-07"", ""revenue_krw"": 279604799000000, ""receipt_no"": ""20230307000542"", ""source_url"": ""https://dart.fss.or.kr/report/viewer.do?rcpNo=20230307000542&dcmNo=9040011&eleId=19&offset=305544&length=101364&dtd=dart3.xsd"", ""value_basis"": ""comparative"", ""point_in_time_verified"": true}, {""year"": 2022, ""publication_date"": ""2023-03-07"", ""revenue_krw"": 302231360000000, ""receipt_no"": ""20230307000542"", ""source_url"": ""https://dart.fss.or.kr/report/viewer.do?rcpNo=20230307000542&dcmNo=9040011&eleId=19&offset=305544&length=101364&dtd=dart3.xsd"", ""value_basis"": ""current"", ""point_in_time_verified"": true}]"
2022,2023,flat,매출 유지 (기준),2023-03-07,2023-01-01,2023-12-31,302231360000000.0,258935494000000.0,2024-03-12,371.0,299,다음 회계연도 1월~12월 (1년),평가 완료,,과거 시점 백테스트 (입력 원문 검증 표시 기준),False,최초 연간 정기보고서 원문 확인,20240312000736,https://dart.fss.or.kr/report/viewer.do?rcpNo=20240312000736&dcmNo=9702846&eleId=21&offset=347459&length=11956&dtd=dart4.xsd,False,43295866000000.0,43295866000000.0,16.72071500556814,16.72071500556814,2023-03-07,"[{""year"": 2022, ""publication_date"": ""2023-03-07"", ""revenue_krw"": 302231360000000, ""receipt_no"": ""20230307000542"", ""source_url"": ""https://dart.fss.or.kr/report/viewer.do?rcpNo=20230307000542&dcmNo=9040011&eleId=19&offset=305544&length=101364&dtd=dart3.xsd"", ""value_basis"": ""current"", ""point_in_time_verified"": true}]"
2023,2024,last_growth,직전연도 성장률 유지,2024-03-12,2024-01-01,2024-12-31,221841936101614.47,300870903000000.0,2025-03-11,364.0,294,다음 회계연도 1월~12월 (1년),평가 완료,,과거 시점 백테스트 (입력 원문 검증 표시 기준),False,최초 연간 정기보고서 원문 확인,20250311001085,https://dart.fss.or.kr/report/viewer.do?rcpNo=20250311001085&dcmNo=10392692&eleId=21&offset=374789&length=20043&dtd=dart4.xsd,False,-79028966898385.53,79028966898385.53,26.266736367785466,-26.266736367785466,2024-03-12,"[{""year"": 2022, ""publication_date"": ""2024-03-12"", ""revenue_krw"": 302231360000000, ""receipt_no"": ""20240312000736"", ""source_url"": ""https://dart.fss.or.kr/report/viewer.do?rcpNo=20240312000736&dcmNo=9702846&eleId=21&offset=347459&length=11956&dtd=dart4.xsd"", ""value_basis"": ""comparative"", ""point_in_time_verified"": true}, {""year"": 2023, ""publication_date"": ""2024-03-12"", ""revenue_krw"": 258935494000000, ""receipt_no"": ""20240312000736"", ""source_url"": ""https://dart.fss.or.kr/report/viewer.do?rcpNo=20240312000736&dcmNo=9702846&eleId=21&offset=347459&length=11956&dtd=dart4.xsd"", ""value_basis"": ""current"", ""point_in_time_verified"": true}]"
2023,2024,cagr3,최근 3년 CAGR 유지,2024-03-12,2024-01-01,2024-12-31,266761986929756.03,300870903000000.0,2025-03-11,364.0,294,다음 회계연도 1월~12월 (1년),평가 완료,,과거 시점 백테스트 (입력 원문 검증 표시 기준),False,최초 연간 정기보고서 원문 확인,20250311001085,https://dart.fss.or.kr/report/viewer.do?rcpNo=20250311001085&dcmNo=10392692&eleId=21&offset=374789&length=20043&dtd=dart4.xsd,False,-34108916070243.97,34108916070243.97,11.336728055169884,-11.336728055169884,2024-03-12,"[{""year"": 2020, ""publication_date"": ""2023-03-07"", ""revenue_krw"": 236806988000000, ""receipt_no"": ""20230307000542"", ""source_url"": ""https://dart.fss.or.kr/report/viewer.do?rcpNo=20230307000542&dcmNo=9040011&eleId=19&offset=305544&length=101364&dtd=dart3.xsd"", ""value_basis"": ""comparative"", ""point_in_time_verified"": true}, {""year"": 2022, ""publication_date"": ""2024-03-12"", ""revenue_krw"": 302231360000000, ""receipt_no"": ""20240312000736"", ""source_url"": ""https://dart.fss.or.kr/report/viewer.do?rcpNo=20240312000736&dcmNo=9702846&eleId=21&offset=347459&length=11956&dtd=dart4.xsd"", ""value_basis"": ""comparative"", ""point_in_time_verified"": true}, {""year"": 2021, ""publication_date"": ""2024-03-12"", ""revenue_krw"": 279604799000000, ""receipt_no"": ""20240312000736"", ""source_url"": ""https://dart.fss.or.kr/report/viewer.do?rcpNo=20240312000736&dcmNo=9702846&eleId=21&offset=347459&length=11956&dtd=dart4.xsd"", ""value_basis"": ""comparative"", ""point_in_time_verified"": true}, {""year"": 2023, ""publication_date"": ""2024-03-12"", ""revenue_krw"": 258935494000000, ""receipt_no"": ""20240312000736"", ""source_url"": ""https://dart.fss.or.kr/report/viewer.do?rcpNo=20240312000736&dcmNo=9702846&eleId=21&offset=347459&length=11956&dtd=dart4.xsd"", ""value_basis"": ""current"", ""point_in_time_verified"": true}]"
2023,2024,mean3,최근 3개 성장률 평균,2024-03-12,2024-01-01,2024-12-31,269154640590040.8,300870903000000.0,2025-03-11,364.0,294,다음 회계연도 1월~12월 (1년),평가 완료,,과거 시점 백테스트 (입력 원문 검증 표시 기준),False,최초 연간 정기보고서 원문 확인,20250311001085,https://dart.fss.or.kr/report/viewer.do?rcpNo=20250311001085&dcmNo=10392692&eleId=21&offset=374789&length=20043&dtd=dart4.xsd,False,-31716262409959.188,31716262409959.188,10.541485432361396,-10.541485432361396,2024-03-12,"[{""year"": 2020, ""publication_date"": ""2023-03-07"", ""revenue_krw"": 236806988000000, ""receipt_no"": ""20230307000542"", ""source_url"": ""https://dart.fss.or.kr/report/viewer.do?rcpNo=20230307000542&dcmNo=9040011&eleId=19&offset=305544&length=101364&dtd=dart3.xsd"", ""value_basis"": ""comparative"", ""point_in_time_verified"": true}, {""year"": 2022, ""publication_date"": ""2024-03-12"", ""revenue_krw"": 302231360000000, ""receipt_no"": ""20240312000736"", ""source_url"": ""https://dart.fss.or.kr/report/viewer.do?rcpNo=20240312000736&dcmNo=9702846&eleId=21&offset=347459&length=11956&dtd=dart4.xsd"", ""value_basis"": ""comparative"", ""point_in_time_verified"": true}, {""year"": 2021, ""publication_date"": ""2024-03-12"", ""revenue_krw"": 279604799000000, ""receipt_no"": ""20240312000736"", ""source_url"": ""https://dart.fss.or.kr/report/viewer.do?rcpNo=20240312000736&dcmNo=9702846&eleId=21&offset=347459&length=11956&dtd=dart4.xsd"", ""value_basis"": ""comparative"", ""point_in_time_verified"": true}, {""year"": 2023, ""publication_date"": ""2024-03-12"", ""revenue_krw"": 258935494000000, ""receipt_no"": ""20240312000736"", ""source_url"": ""https://dart.fss.or.kr/report/viewer.do?rcpNo=20240312000736&dcmNo=9702846&eleId=21&offset=347459&length=11956&dtd=dart4.xsd"", ""value_basis"": ""current"", ""point_in_time_verified"": true}]"
2023,2024,flat,매출 유지 (기준),2024-03-12,2024-01-01,2024-12-31,258935494000000.0,300870903000000.0,2025-03-11,364.0,294,다음 회계연도 1월~12월 (1년),평가 완료,,과거 시점 백테스트 (입력 원문 검증 표시 기준),False,최초 연간 정기보고서 원문 확인,20250311001085,https://dart.fss.or.kr/report/viewer.do?rcpNo=20250311001085&dcmNo=10392692&eleId=21&offset=374789&length=20043&dtd=dart4.xsd,False,-41935409000000.0,41935409000000.0,13.938007491538654,-13.938007491538654,2024-03-12,"[{""year"": 2023, ""publication_date"": ""2024-03-12"", ""revenue_krw"": 258935494000000, ""receipt_no"": ""20240312000736"", ""source_url"": ""https://dart.fss.or.kr/report/viewer.do?rcpNo=20240312000736&dcmNo=9702846&eleId=21&offset=347459&length=11956&dtd=dart4.xsd"", ""value_basis"": ""current"", ""point_in_time_verified"": true}]"
2024,2025,last_growth,직전연도 성장률 유지,2025-03-11,2025-01-01,2025-12-31,349597881980735.4,333605938000000.0,2026-03-10,364.0,295,다음 회계연도 1월~12월 (1년),평가 완료,,과거 시점 백테스트 (입력 원문 검증 표시 기준),False,최초 연간 정기보고서 원문 확인,20260310002820,https://dart.fss.or.kr/report/viewer.do?rcpNo=20260310002820&dcmNo=11104488&eleId=21&offset=432032&length=19681&dtd=dart4.xsd,False,15991943980735.375,15991943980735.375,4.793662869614561,4.793662869614561,2025-03-11,"[{""year"": 2023, ""publication_date"": ""2025-03-11"", ""revenue_krw"": 258935494000000, ""receipt_no"": ""20250311001085"", ""source_url"": ""https://dart.fss.or.kr/report/viewer.do?rcpNo=20250311001085&dcmNo=10392692&eleId=21&offset=374789&length=20043&dtd=dart4.xsd"", ""value_basis"": ""comparative"", ""point_in_time_verified"": true}, {""year"": 2024, ""publication_date"": ""2025-03-11"", ""revenue_krw"": 300870903000000, ""receipt_no"": ""20250311001085"", ""source_url"": ""https://dart.fss.or.kr/report/viewer.do?rcpNo=20250311001085&dcmNo=10392692&eleId=21&offset=374789&length=20043&dtd=dart4.xsd"", ""value_basis"": ""current"", ""point_in_time_verified"": true}]"
2024,2025,cagr3,최근 3년 CAGR 유지,2025-03-11,2025-01-01,2025-12-31,308313147995469.5,333605938000000.0,2026-03-10,364.0,295,다음 회계연도 1월~12월 (1년),평가 완료,,과거 시점 백테스트 (입력 원문 검증 표시 기준),False,최초 연간 정기보고서 원문 확인,20260310002820,https://dart.fss.or.kr/report/viewer.do?rcpNo=20260310002820&dcmNo=11104488&eleId=21&offset=432032&length=19681&dtd=dart4.xsd,False,-25292790004530.5,25292790004530.5,7.5816366327779505,-7.5816366327779505,2025-03-11,"[{""year"": 2021, ""publication_date"": ""2024-03-12"", ""revenue_krw"": 279604799000000, ""receipt_no"": ""20240312000736"", ""source_url"": ""https://dart.fss.or.kr/report/viewer.do?rcpNo=20240312000736&dcmNo=9702846&eleId=21&offset=347459&length=11956&dtd=dart4.xsd"", ""value_basis"": ""comparative"", ""point_in_time_verified"": true}, {""year"": 2022, ""publication_date"": ""2025-03-11"", ""revenue_krw"": 302231360000000, ""receipt_no"": ""20250311001085"", ""source_url"": ""https://dart.fss.or.kr/report/viewer.do?rcpNo=20250311001085&dcmNo=10392692&eleId=21&offset=374789&length=20043&dtd=dart4.xsd"", ""value_basis"": ""comparative"", ""point_in_time_verified"": true}, {""year"": 2023, ""publication_date"": ""2025-03-11"", ""revenue_krw"": 258935494000000, ""receipt_no"": ""20250311001085"", ""source_url"": ""https://dart.fss.or.kr/report/viewer.do?rcpNo=20250311001085&dcmNo=10392692&eleId=21&offset=374789&length=20043&dtd=dart4.xsd"", ""value_basis"": ""comparative"", ""point_in_time_verified"": true}, {""year"": 2024, ""publication_date"": ""2025-03-11"", ""revenue_krw"": 300870903000000, ""receipt_no"": ""20250311001085"", ""source_url"": ""https://dart.fss.or.kr/report/viewer.do?rcpNo=20250311001085&dcmNo=10392692&eleId=21&offset=374789&length=20043&dtd=dart4.xsd"", ""value_basis"": ""current"", ""point_in_time_verified"": true}]"
2024,2025,mean3,최근 3개 성장률 평균,2025-03-11,2025-01-01,2025-12-31,310862066211579.94,333605938000000.0,2026-03-10,364.0,295,다음 회계연도 1월~12월 (1년),평가 완료,,과거 시점 백테스트 (입력 원문 검증 표시 기준),False,최초 연간 정기보고서 원문 확인,20260310002820,https://dart.fss.or.kr/report/viewer.do?rcpNo=20260310002820&dcmNo=11104488&eleId=21&offset=432032&length=19681&dtd=dart4.xsd,False,-22743871788420.062,22743871788420.062,6.817586019233285,-6.817586019233285,2025-03-11,"[{""year"": 2021, ""publication_date"": ""2024-03-12"", ""revenue_krw"": 279604799000000, ""receipt_no"": ""20240312000736"", ""source_url"": ""https://dart.fss.or.kr/report/viewer.do?rcpNo=20240312000736&dcmNo=9702846&eleId=21&offset=347459&length=11956&dtd=dart4.xsd"", ""value_basis"": ""comparative"", ""point_in_time_verified"": true}, {""year"": 2022, ""publication_date"": ""2025-03-11"", ""revenue_krw"": 302231360000000, ""receipt_no"": ""20250311001085"", ""source_url"": ""https://dart.fss.or.kr/report/viewer.do?rcpNo=20250311001085&dcmNo=10392692&eleId=21&offset=374789&length=20043&dtd=dart4.xsd"", ""value_basis"": ""comparative"", ""point_in_time_verified"": true}, {""year"": 2023, ""publication_date"": ""2025-03-11"", ""revenue_krw"": 258935494000000, ""receipt_no"": ""20250311001085"", ""source_url"": ""https://dart.fss.or.kr/report/viewer.do?rcpNo=20250311001085&dcmNo=10392692&eleId=21&offset=374789&length=20043&dtd=dart4.xsd"", ""value_basis"": ""comparative"", ""point_in_time_verified"": true}, {""year"": 2024, ""publication_date"": ""2025-03-11"", ""revenue_krw"": 300870903000000, ""receipt_no"": ""20250311001085"", ""source_url"": ""https://dart.fss.or.kr/report/viewer.do?rcpNo=20250311001085&dcmNo=10392692&eleId=21&offset=374789&length=20043&dtd=dart4.xsd"", ""value_basis"": ""current"", ""point_in_time_verified"": true}]"
2024,2025,flat,매출 유지 (기준),2025-03-11,2025-01-01,2025-12-31,300870903000000.0,333605938000000.0,2026-03-10,364.0,295,다음 회계연도 1월~12월 (1년),평가 완료,,과거 시점 백테스트 (입력 원문 검증 표시 기준),False,최초 연간 정기보고서 원문 확인,20260310002820,https://dart.fss.or.kr/report/viewer.do?rcpNo=20260310002820&dcmNo=11104488&eleId=21&offset=432032&length=19681&dtd=dart4.xsd,False,-32735035000000.0,32735035000000.0,9.812485711810082,-9.812485711810082,2025-03-11,"[{""year"": 2024, ""publication_date"": ""2025-03-11"", ""revenue_krw"": 300870903000000, ""receipt_no"": ""20250311001085"", ""source_url"": ""https://dart.fss.or.kr/report/viewer.do?rcpNo=20250311001085&dcmNo=10392692&eleId=21&offset=374789&length=20043&dtd=dart4.xsd"", ""value_basis"": ""current"", ""point_in_time_verified"": true}]"
2025,2026,last_growth,직전연도 성장률 유지,2026-03-10,2026-01-01,2026-12-31,369902575354253.7,,,,296,다음 회계연도 1월~12월 (1년),실적 미확보,,최신 재무자료 기반의 회고적 비교,False,,,,,,,,,2026-03-10,"[{""year"": 2024, ""publication_date"": ""2026-03-10"", ""revenue_krw"": 300870903000000, ""receipt_no"": ""20260310002820"", ""source_url"": ""https://dart.fss.or.kr/report/viewer.do?rcpNo=20260310002820&dcmNo=11104488&eleId=21&offset=432032&length=19681&dtd=dart4.xsd"", ""value_basis"": ""comparative"", ""point_in_time_verified"": true}, {""year"": 2025, ""publication_date"": ""2026-03-10"", ""revenue_krw"": 333605938000000, ""receipt_no"": ""20260310002820"", ""source_url"": ""https://dart.fss.or.kr/report/viewer.do?rcpNo=20260310002820&dcmNo=11104488&eleId=21&offset=432032&length=19681&dtd=dart4.xsd"", ""value_basis"": ""current"", ""point_in_time_verified"": true}]"
2025,2026,cagr3,최근 3년 CAGR 유지,2026-03-10,2026-01-01,2026-12-31,344771893875498.56,,,,296,다음 회계연도 1월~12월 (1년),실적 미확보,,최신 재무자료 기반의 회고적 비교,False,,,,,,,,,2026-03-10,"[{""year"": 2022, ""publication_date"": ""2025-03-11"", ""revenue_krw"": 302231360000000, ""receipt_no"": ""20250311001085"", ""source_url"": ""https://dart.fss.or.kr/report/viewer.do?rcpNo=20250311001085&dcmNo=10392692&eleId=21&offset=374789&length=20043&dtd=dart4.xsd"", ""value_basis"": ""comparative"", ""point_in_time_verified"": true}, {""year"": 2024, ""publication_date"": ""2026-03-10"", ""revenue_krw"": 300870903000000, ""receipt_no"": ""20260310002820"", ""source_url"": ""https://dart.fss.or.kr/report/viewer.do?rcpNo=20260310002820&dcmNo=11104488&eleId=21&offset=432032&length=19681&dtd=dart4.xsd"", ""value_basis"": ""comparative"", ""point_in_time_verified"": true}, {""year"": 2023, ""publication_date"": ""2026-03-10"", ""revenue_krw"": 258935494000000, ""receipt_no"": ""20260310002820"", ""source_url"": ""https://dart.fss.or.kr/report/viewer.do?rcpNo=20260310002820&dcmNo=11104488&eleId=21&offset=432032&length=19681&dtd=dart4.xsd"", ""value_basis"": ""comparative"", ""point_in_time_verified"": true}, {""year"": 2025, ""publication_date"": ""2026-03-10"", ""revenue_krw"": 333605938000000, ""receipt_no"": ""20260310002820"", ""source_url"": ""https://dart.fss.or.kr/report/viewer.do?rcpNo=20260310002820&dcmNo=11104488&eleId=21&offset=432032&length=19681&dtd=dart4.xsd"", ""value_basis"": ""current"", ""point_in_time_verified"": true}]"
2025,2026,mean3,최근 3개 성장률 평균,2026-03-10,2026-01-01,2026-12-31,347784189929510.75,,,,296,다음 회계연도 1월~12월 (1년),실적 미확보,,최신 재무자료 기반의 회고적 비교,False,,,,,,,,,2026-03-10,"[{""year"": 2022, ""publication_date"": ""2025-03-11"", ""revenue_krw"": 302231360000000, ""receipt_no"": ""20250311001085"", ""source_url"": ""https://dart.fss.or.kr/report/viewer.do?rcpNo=20250311001085&dcmNo=10392692&eleId=21&offset=374789&length=20043&dtd=dart4.xsd"", ""value_basis"": ""comparative"", ""point_in_time_verified"": true}, {""year"": 2024, ""publication_date"": ""2026-03-10"", ""revenue_krw"": 300870903000000, ""receipt_no"": ""20260310002820"", ""source_url"": ""https://dart.fss.or.kr/report/viewer.do?rcpNo=20260310002820&dcmNo=11104488&eleId=21&offset=432032&length=19681&dtd=dart4.xsd"", ""value_basis"": ""comparative"", ""point_in_time_verified"": true}, {""year"": 2023, ""publication_date"": ""2026-03-10"", ""revenue_krw"": 258935494000000, ""receipt_no"": ""20260310002820"", ""source_url"": ""https://dart.fss.or.kr/report/viewer.do?rcpNo=20260310002820&dcmNo=11104488&eleId=21&offset=432032&length=19681&dtd=dart4.xsd"", ""value_basis"": ""comparative"", ""point_in_time_verified"": true}, {""year"": 2025, ""publication_date"": ""2026-03-10"", ""revenue_krw"": 333605938000000, ""receipt_no"": ""20260310002820"", ""source_url"": ""https://dart.fss.or.kr/report/viewer.do?rcpNo=20260310002820&dcmNo=11104488&eleId=21&offset=432032&length=19681&dtd=dart4.xsd"", ""value_basis"": ""current"", ""point_in_time_verified"": true}]"
2025,2026,flat,매출 유지 (기준),2026-03-10,2026-01-01,2026-12-31,333605938000000.0,,,,296,다음 회계연도 1월~12월 (1년),실적 미확보,,최신 재무자료 기반의 회고적 비교,False,,,,,,,,,2026-03-10,"[{""year"": 2025, ""publication_date"": ""2026-03-10"", ""revenue_krw"": 333605938000000, ""receipt_no"": ""20260310002820"", ""source_url"": ""https://dart.fss.or.kr/report/viewer.do?rcpNo=20260310002820&dcmNo=11104488&eleId=21&offset=432032&length=19681&dtd=dart4.xsd"", ""value_basis"": ""current"", ""point_in_time_verified"": true}]"
