segment_id,구간,평가 연도,방식,method,표본 수,MAPE (%),평균 부호 백분율오차 (%),유지 대비 개선 (%p),분할 근거,해석
original,원래 공통 평가 전체,"2019, 2020, 2021, 2022, 2023, 2024, 2025",직전연도 성장률 유지,last_growth,7,13.587075488312474,0.08418078056974158,-3.333845339191342,기존 공통 표본을 그대로 보존,사후 진단·재선택 없음; 소표본
original,원래 공통 평가 전체,"2019, 2020, 2021, 2022, 2023, 2024, 2025",최근 3년 CAGR 유지,cagr3,7,11.436701909940894,0.6620054425775331,-1.1834717608197618,기존 공통 표본을 그대로 보존,사후 진단·재선택 없음; 소표본
original,원래 공통 평가 전체,"2019, 2020, 2021, 2022, 2023, 2024, 2025",최근 3개 성장률 평균,mean3,7,11.289818675974841,1.0949995525807101,-1.0365885268537092,기존 공통 표본을 그대로 보존,사후 진단·재선택 없음; 소표본
original,원래 공통 평가 전체,"2019, 2020, 2021, 2022, 2023, 2024, 2025",매출 유지 (기준),flat,7,10.253230149121132,-3.817837013334816,0.0,기존 공통 표본을 그대로 보존,사후 진단·재선택 없음; 소표본
ifrs15_transition,IFRS 15 전후 입력이 섞인 구간,"2019, 2020, 2021",직전연도 성장률 유지,last_growth,3,9.549881269772223,-4.445715469770502,-1.6115814534669655,3년 방식의 4개 입력 연도에 2018년 이전과 이후가 모두 포함됨. Harman 인수 전후도 일부 포함,사후 진단·재선택 없음; 소표본
ifrs15_transition,IFRS 15 전후 입력이 섞인 구간,"2019, 2020, 2021",최근 3년 CAGR 유지,cagr3,3,10.06942367413774,-0.35325861777587814,-2.131123857832482,3년 방식의 4개 입력 연도에 2018년 이전과 이후가 모두 포함됨. Harman 인수 전후도 일부 포함,사후 진단·재선택 없음; 소표본
ifrs15_transition,IFRS 15 전후 입력이 섞인 구간,"2019, 2020, 2021",최근 3개 성장률 평균,mean3,3,10.313294319947873,-0.07042523869583779,-2.3749945036426157,3년 방식의 4개 입력 연도에 2018년 이전과 이후가 모두 포함됨. Harman 인수 전후도 일부 포함,사후 진단·재선택 없음; 소표본
ifrs15_transition,IFRS 15 전후 입력이 섞인 구간,"2019, 2020, 2021",매출 유지 (기준),flat,3,7.938299816305258,-4.069525836515948,0.0,3년 방식의 4개 입력 연도에 2018년 이전과 이후가 모두 포함됨. Harman 인수 전후도 일부 포함,사후 진단·재선택 없음; 소표본
ifrs15_after,입력이 모두 IFRS 15 적용 이후인 구간,"2022, 2023, 2024, 2025",직전연도 성장률 유지,last_growth,4,16.61497115221766,3.4816029683249248,-4.625543253484622,최장 입력창의 시작이 2018년 이상. 다른 사업결합·매각 효과가 없다는 뜻은 아님,사후 진단·재선택 없음; 소표본
ifrs15_after,입력이 모두 IFRS 15 적용 이후인 구간,"2022, 2023, 2024, 2025",최근 3년 CAGR 유지,cagr3,4,12.46216058679326,1.423453487842591,-0.4727326880602227,최장 입력창의 시작이 2018년 이상. 다른 사업결합·매각 효과가 없다는 뜻은 아님,사후 진단·재선택 없음; 소표본
ifrs15_after,입력이 모두 IFRS 15 적용 이후인 구간,"2022, 2023, 2024, 2025",최근 3개 성장률 평균,mean3,4,12.022211942995064,1.969068146038121,-0.03278404426202641,최장 입력창의 시작이 2018년 이상. 다른 사업결합·매각 효과가 없다는 뜻은 아님,사후 진단·재선택 없음; 소표본
ifrs15_after,입력이 모두 IFRS 15 적용 이후인 구간,"2022, 2023, 2024, 2025",매출 유지 (기준),flat,4,11.989427898733037,-3.6290703959489656,0.0,최장 입력창의 시작이 2018년 이상. 다른 사업결합·매각 효과가 없다는 뜻은 아님,사후 진단·재선택 없음; 소표본
locked_holdout,원래 최종 평가 구간,"2023, 2024, 2025",직전연도 성장률 유지,last_growth,3,19.07551572691742,1.5643581483937747,-5.585112990611794,2019~2022년에서 고른 CAGR을 고정한 기존 평가. 재선택 금지,사후 진단·재선택 없음; 소표본
locked_holdout,원래 최종 평가 구간,"2023, 2024, 2025",최근 3년 CAGR 유지,cagr3,3,15.563197612406512,2.950954487107957,-2.072794876100886,2019~2022년에서 고른 CAGR을 고정한 기존 평가. 재선택 금지,사후 진단·재선택 없음; 소표본
locked_holdout,원래 최종 평가 구간,"2023, 2024, 2025",최근 3개 성장률 평균,mean3,3,15.113877209887017,3.541162908823896,-1.6234744735813909,2019~2022년에서 고른 CAGR을 고정한 기존 평가. 재선택 금지,사후 진단·재선택 없음; 소표본
locked_holdout,원래 최종 평가 구간,"2023, 2024, 2025",매출 유지 (기준),flat,3,13.490402736305626,-2.343259399260198,0.0,2019~2022년에서 고른 CAGR을 고정한 기존 평가. 재선택 금지,사후 진단·재선택 없음; 소표본
emagin,eMagin 인수 연도,2023,직전연도 성장률 유지,last_growth,1,26.16614794335223,26.16614794335223,-9.445432937784087,공식 주석 32의 2023년 인수 사건,사후 진단·재선택 없음; 소표본
emagin,eMagin 인수 연도,2023,최근 3년 CAGR 유지,cagr3,1,27.771228149271703,27.771228149271703,-11.050513143703562,공식 주석 32의 2023년 인수 사건,사후 진단·재선택 없음; 소표본
emagin,eMagin 인수 연도,2023,최근 3개 성장률 평균,mean3,1,27.98256017806637,27.98256017806637,-11.26184517249823,공식 주석 32의 2023년 인수 사건,사후 진단·재선택 없음; 소표본
emagin,eMagin 인수 연도,2023,매출 유지 (기준),flat,1,16.72071500556814,16.72071500556814,0.0,공식 주석 32의 2023년 인수 사건,사후 진단·재선택 없음; 소표본
dowoo_sale,도우인시스 매각 완료 연도,2024,직전연도 성장률 유지,last_growth,1,26.266736367785466,-26.266736367785466,-12.328728876246812,공식 주석 32의 2024-01-31 매각 완료,사후 진단·재선택 없음; 소표본
dowoo_sale,도우인시스 매각 완료 연도,2024,최근 3년 CAGR 유지,cagr3,1,11.336728055169884,-11.336728055169884,2.6012794363687703,공식 주석 32의 2024-01-31 매각 완료,사후 진단·재선택 없음; 소표본
dowoo_sale,도우인시스 매각 완료 연도,2024,최근 3개 성장률 평균,mean3,1,10.541485432361396,-10.541485432361396,3.396522059177258,공식 주석 32의 2024-01-31 매각 완료,사후 진단·재선택 없음; 소표본
dowoo_sale,도우인시스 매각 완료 연도,2024,매출 유지 (기준),flat,1,13.938007491538654,-13.938007491538654,0.0,공식 주석 32의 2024-01-31 매각 완료,사후 진단·재선택 없음; 소표본
major_2025,2025년 주요 인수·매각 연도,2025,직전연도 성장률 유지,last_growth,1,4.793662869614561,4.793662869614561,5.0188228421955206,공식 주석 1.4·33의 Rainbow Robotics/Sound United/FläktGroup 인수 및 Harman Connected Services 계열 매각,사후 진단·재선택 없음; 소표본
major_2025,2025년 주요 인수·매각 연도,2025,최근 3년 CAGR 유지,cagr3,1,7.5816366327779505,-7.5816366327779505,2.230849079032131,공식 주석 1.4·33의 Rainbow Robotics/Sound United/FläktGroup 인수 및 Harman Connected Services 계열 매각,사후 진단·재선택 없음; 소표본
major_2025,2025년 주요 인수·매각 연도,2025,최근 3개 성장률 평균,mean3,1,6.817586019233285,-6.817586019233285,2.994899692576797,공식 주석 1.4·33의 Rainbow Robotics/Sound United/FläktGroup 인수 및 Harman Connected Services 계열 매각,사후 진단·재선택 없음; 소표본
major_2025,2025년 주요 인수·매각 연도,2025,매출 유지 (기준),flat,1,9.812485711810082,-9.812485711810082,0.0,공식 주석 1.4·33의 Rainbow Robotics/Sound United/FläktGroup 인수 및 Harman Connected Services 계열 매각,사후 진단·재선택 없음; 소표본
