company_name,stock_code,corp_code,fiscal_year,period_start,period_end,revenue,unit,currency,fs_div,report_type,publication_date,receipt_no,source_url,is_correction,retrieved_at,value_basis,source_fiscal_year,point_in_time_verified,first_annual_report,comparability_notes,comparability_reviewed,is_mock,evidence_note
삼성전자 (모의 데이터),005930,00126380,2015,2015-01-01,2015-12-31,100000,백만원,KRW,CFS,annual,2016-03-15,,https://example.com/mock-not-real,False,2026-10-06T00:00:00+00:00,current,2015,False,False,모의 수치·모의 공시일: 실제 투자 분석에 사용 금지,False,True,공식 자료가 아닌 계산·화면 확인용 모의 데이터
삼성전자 (모의 데이터),005930,00126380,2016,2016-01-01,2016-12-31,110000,백만원,KRW,CFS,annual,2017-03-15,,https://example.com/mock-not-real,False,2026-10-06T00:00:00+00:00,current,2016,False,False,모의 수치·모의 공시일: 실제 투자 분석에 사용 금지,False,True,공식 자료가 아닌 계산·화면 확인용 모의 데이터
삼성전자 (모의 데이터),005930,00126380,2017,2017-01-01,2017-12-31,121000,백만원,KRW,CFS,annual,2018-03-15,,https://example.com/mock-not-real,False,2026-10-06T00:00:00+00:00,current,2017,False,False,모의 수치·모의 공시일: 실제 투자 분석에 사용 금지,False,True,공식 자료가 아닌 계산·화면 확인용 모의 데이터
삼성전자 (모의 데이터),005930,00126380,2018,2018-01-01,2018-12-31,133100,백만원,KRW,CFS,annual,2019-03-15,,https://example.com/mock-not-real,False,2026-10-06T00:00:00+00:00,current,2018,False,False,모의 수치·모의 공시일: 실제 투자 분석에 사용 금지,False,True,공식 자료가 아닌 계산·화면 확인용 모의 데이터
삼성전자 (모의 데이터),005930,00126380,2019,2019-01-01,2019-12-31,140000,백만원,KRW,CFS,annual,2020-03-15,,https://example.com/mock-not-real,False,2026-10-06T00:00:00+00:00,current,2019,False,False,모의 수치·모의 공시일: 실제 투자 분석에 사용 금지,False,True,공식 자료가 아닌 계산·화면 확인용 모의 데이터
삼성전자 (모의 데이터),005930,00126380,2020,2020-01-01,2020-12-31,126000,백만원,KRW,CFS,annual,2021-03-15,,https://example.com/mock-not-real,False,2026-10-06T00:00:00+00:00,current,2020,False,False,모의 수치·모의 공시일: 실제 투자 분석에 사용 금지,False,True,공식 자료가 아닌 계산·화면 확인용 모의 데이터
삼성전자 (모의 데이터),005930,00126380,2021,2021-01-01,2021-12-31,151200,백만원,KRW,CFS,annual,2022-03-15,,https://example.com/mock-not-real,False,2026-10-06T00:00:00+00:00,current,2021,False,False,모의 수치·모의 공시일: 실제 투자 분석에 사용 금지,False,True,공식 자료가 아닌 계산·화면 확인용 모의 데이터
삼성전자 (모의 데이터),005930,00126380,2022,2022-01-01,2022-12-31,166320,백만원,KRW,CFS,annual,2023-03-15,,https://example.com/mock-not-real,False,2026-10-06T00:00:00+00:00,current,2022,False,False,모의 수치·모의 공시일: 실제 투자 분석에 사용 금지,False,True,공식 자료가 아닌 계산·화면 확인용 모의 데이터
삼성전자 (모의 데이터),005930,00126380,2023,2023-01-01,2023-12-31,158000,백만원,KRW,CFS,annual,2024-03-15,,https://example.com/mock-not-real,False,2026-10-06T00:00:00+00:00,current,2023,False,False,모의 수치·모의 공시일: 실제 투자 분석에 사용 금지,False,True,공식 자료가 아닌 계산·화면 확인용 모의 데이터
삼성전자 (모의 데이터),005930,00126380,2024,2024-01-01,2024-12-31,173800,백만원,KRW,CFS,annual,2025-03-15,,https://example.com/mock-not-real,False,2026-10-06T00:00:00+00:00,current,2024,False,False,모의 수치·모의 공시일: 실제 투자 분석에 사용 금지,False,True,공식 자료가 아닌 계산·화면 확인용 모의 데이터
