company_name,stock_code,corp_code,fiscal_year,publication_date,receipt_no,source_url,revenue_krw,trade_receivables_krw,inventories_krw,trade_payables_krw,ppe_acquisition_krw,intangible_acquisition_krw,point_in_time_verified,is_mock,comparability_note,evidence_note
삼성전자,005930,00126380,2015,2016-03-30,20160330003536,https://images.samsung.com/is/content/samsung/assets/global/ir/docs/2015_con_quarter04_all.pdf,200653482000000,25168026000000,18811794000000,6187291000000,25880222000000,1501881000000,true,false,LoopPay 등 연결 편입 및 광소재 사업 매각 영향이 포함될 수 있음,연결 재무상태표의 매출채권·재고자산·매입채무와 연결 현금흐름표의 유형·무형자산 취득 당기 열
삼성전자,005930,00126380,2016,2017-03-31,20170331004518,https://images.samsung.com/is/content/samsung/assets/global/ir/docs/2016_con_quarter04_all.pdf,201866745000000,24279211000000,18353503000000,6485039000000,24142973000000,1047668000000,true,false,Joyent·Dacor·Viv Labs 등 연결 편입 및 프린팅 사업 매각예정 분류 영향이 포함될 수 있음,연결 재무상태표와 연결 현금흐름표 당기 열
삼성전자,005930,00126380,2017,2018-04-02,20180402005019,https://images.samsung.com/is/content/samsung/assets/global/ir/docs/2017_con_quarter04_all.pdf,239575376000000,27695995000000,24983355000000,9083907000000,42792234000000,983740000000,true,false,Harman 인수 및 프린팅 사업 매각 영향으로 전후 연도 비교에 주의,연결 재무상태표와 연결 현금흐름표 당기 열
삼성전자,005930,00126380,2018,2019-04-01,20190401004781,https://images.samsung.com/is/content/samsung/assets/global/ir/docs/2018_con_quarter04_all.pdf,243771415000000,33867733000000,28984704000000,8479916000000,29556406000000,1020517000000,true,false,K-IFRS 1115·1109 최초 적용 및 비교기간 미재작성,연결 재무상태표와 연결 현금흐름표 당기 열
삼성전자,005930,00126380,2019,2020-03-30,20200330003851,https://images.samsung.com/is/content/samsung/assets/global/ir/docs/2019_con_quarter04_all.pdf,230400881000000,35131343000000,26766464000000,8718222000000,25367756000000,3249914000000,true,false,K-IFRS 1116 최초 적용 및 Corephotonics·PLP 등 연결 편입 영향이 포함될 수 있음,연결 재무상태표와 연결 현금흐름표 당기 열
삼성전자,005930,00126380,2020,2021-03-09,20210309000744,https://images.samsung.com/is/content/samsung/assets/global/ir/docs/2020_con_quarter04_all.pdf,236806988000000,30965058000000,32043145000000,9739222000000,37592034000000,2679779000000,true,false,TeleWorld 연결 편입 및 일부 LCD 사업 매각예정 분류 영향이 포함될 수 있음,연결 재무상태표와 연결 현금흐름표 당기 열
삼성전자,005930,00126380,2021,2022-03-08,20220308000798,https://images.samsung.com/is/content/samsung/assets/global/ir/docs/2021_con_quarter04_all.pdf,279604799000000,40713415000000,41384404000000,13453351000000,47122106000000,2706915000000,true,false,연결 범위 및 사업구조 변화의 비율 영향이 포함될 수 있음,연결 재무상태표와 연결 현금흐름표 당기 열
삼성전자,005930,00126380,2022,2023-03-07,20230307000542,https://images.samsung.com/is/content/samsung/assets/global/ir/docs/2022_con_quarter04_all.pdf,302231360000000,35721563000000,52187866000000,10644686000000,49430428000000,3696304000000,true,false,반도체 재고·설비투자 사이클에 따른 변동성이 포함됨,연결 재무상태표와 연결 현금흐름표 당기 열
삼성전자,005930,00126380,2023,2024-03-12,20240312000736,https://images.samsung.com/is/content/samsung/assets/global/ir/docs/2023_con_quarter04_all.pdf,258935494000000,36647393000000,51625874000000,11319824000000,57611292000000,2922875000000,true,false,반도체 업황 하락과 재고·투자 사이클에 따른 비율 급등 가능성,연결 재무상태표와 연결 현금흐름표 당기 열
삼성전자,005930,00126380,2024,2025-03-11,20250311001085,https://images.samsung.com/is/content/samsung/assets/global/ir/docs/2024_con_quarter04_all.pdf,300870903000000,43623073000000,51754865000000,12370177000000,51406355000000,2335284000000,true,false,업황 회복과 투자 집행 시점 변화가 전년 비교에 영향을 줄 수 있음,연결 재무상태표와 연결 현금흐름표 당기 열
삼성전자,005930,00126380,2025,2026-03-10,20260310002820,https://images.samsung.com/is/content/samsung/assets/global/ir/docs/2025_con_quarter04_all.pdf,333605938000000,51127642000000,52636828000000,13039380000000,47522179000000,4630970000000,true,false,Rainbow Robotics·Sound United·FläktGroup 사업결합 영향이 포함될 수 있음,연결 재무상태표와 연결 현금흐름표 당기 열
