company_name,stock_code,corp_code,fiscal_year,publication_date,receipt_no,source_url,revenue_krw,operating_profit_krw,point_in_time_verified,is_mock,evidence_note
삼성전자,005930,00126380,2015,2016-03-30,20160330003536,https://dart.fss.or.kr/report/viewer.do?rcpNo=20160330003536&dcmNo=5026126&eleId=13&offset=484673&length=108645&dtd=dart3.xsd,200653482000000,26413442000000,true,false,2015 연결 손익계산서 매출 및 영업이익 당기 열
삼성전자,005930,00126380,2016,2017-03-31,20170331004518,https://dart.fss.or.kr/report/viewer.do?rcpNo=20170331004518&dcmNo=5540271&eleId=13&offset=502744&length=111903&dtd=dart3.xsd,201866745000000,29240672000000,true,false,2016 연결 손익계산서 매출 및 영업이익 당기 열
삼성전자,005930,00126380,2017,2018-04-02,20180402005019,https://dart.fss.or.kr/report/viewer.do?rcpNo=20180402005019&dcmNo=6060273&eleId=13&offset=642452&length=115790&dtd=dart3.xsd,239575376000000,53645038000000,true,false,2017 연결 손익계산서 매출 및 영업이익 당기 열
삼성전자,005930,00126380,2018,2019-04-01,20190401004781,https://dart.fss.or.kr/report/viewer.do?rcpNo=20190401004781&dcmNo=6616741&eleId=13&offset=625579&length=120141&dtd=dart3.xsd,243771415000000,58886669000000,true,false,2018 연결 손익계산서 매출 및 영업이익 당기 열
삼성전자,005930,00126380,2019,2020-03-30,20200330003851,https://dart.fss.or.kr/report/viewer.do?rcpNo=20200330003851&dcmNo=7202455&eleId=13&offset=629645&length=115706&dtd=dart3.xsd,230400881000000,27768509000000,true,false,2019 연결 손익계산서 매출 및 영업이익 당기 열
삼성전자,005930,00126380,2020,2021-03-09,20210309000744,https://dart.fss.or.kr/report/viewer.do?rcpNo=20210309000744&dcmNo=7861003&eleId=14&offset=687340&length=115750&dtd=dart3.xsd,236806988000000,35993876000000,true,false,2020 연결 손익계산서 매출 및 영업이익 당기 열
삼성전자,005930,00126380,2021,2022-03-08,20220308000798,https://dart.fss.or.kr/report/viewer.do?rcpNo=20220308000798&dcmNo=8446647&eleId=19&offset=425363&length=101414&dtd=dart3.xsd,279604799000000,51633856000000,true,false,2021 연결 손익계산서 매출 및 영업이익 당기 열
삼성전자,005930,00126380,2022,2023-03-07,20230307000542,https://dart.fss.or.kr/report/viewer.do?rcpNo=20230307000542&dcmNo=9040011&eleId=19&offset=305544&length=101364&dtd=dart3.xsd,302231360000000,43376630000000,true,false,2022 연결 손익계산서 매출 및 영업이익 당기 열
삼성전자,005930,00126380,2023,2024-03-12,20240312000736,https://dart.fss.or.kr/report/viewer.do?rcpNo=20240312000736&dcmNo=9702846&eleId=21&offset=347459&length=11956&dtd=dart4.xsd,258935494000000,6566976000000,true,false,2023 연결 손익계산서 매출 및 영업이익 당기 열
삼성전자,005930,00126380,2024,2025-03-11,20250311001085,https://dart.fss.or.kr/report/viewer.do?rcpNo=20250311001085&dcmNo=10392692&eleId=21&offset=374789&length=20043&dtd=dart4.xsd,300870903000000,32725961000000,true,false,2024 연결 손익계산서 매출 및 영업이익 당기 열
삼성전자,005930,00126380,2025,2026-03-10,20260310002820,https://dart.fss.or.kr/report/viewer.do?rcpNo=20260310002820&dcmNo=11104488&eleId=21&offset=432032&length=19681&dtd=dart4.xsd,333605938000000,43601051000000,true,false,2025 연결 손익계산서 매출 및 영업이익 당기 열
