company_name,stock_code,corp_code,fiscal_year,period_start,period_end,revenue,unit,currency,fs_div,report_type,publication_date,receipt_no,source_url,is_correction,retrieved_at,value_basis,source_fiscal_year,point_in_time_verified,first_annual_report,comparability_notes,comparability_reviewed,is_mock,evidence_note
삼성전자,005930,00126380,2015,2015-01-01,2015-12-31,200653482,백만원,KRW,CFS,annual,2016-03-30,20160330003536,https://dart.fss.or.kr/report/viewer.do?rcpNo=20160330003536&dcmNo=5026126&eleId=13&offset=484673&length=108645&dtd=dart3.xsd,False,2026-10-06T12:27:27.172817+00:00,current,2015,True,True,사업결합·중단영업·회계정책 등 주석 전체 검토 미완료,False,False,DART 고정 접수번호 원문 연결 손익계산서 매출액·연간기간·백만원 확인; 최초/정정 목록 대조; 당기/전기는 공식 감사 PDF p.7 Revenue와 교차 일치 (https://images.samsung.com/is/content/samsung/assets/global/ir/docs/2015_con_quarter04_all.pdf); 전전기는 DART 원문만 확인; 원문 SHA-256은 official_evidence.json 참조
삼성전자,005930,00126380,2016,2016-01-01,2016-12-31,201866745,백만원,KRW,CFS,annual,2017-03-31,20170331004518,https://dart.fss.or.kr/report/viewer.do?rcpNo=20170331004518&dcmNo=5540271&eleId=13&offset=502744&length=111903&dtd=dart3.xsd,False,2026-10-06T12:27:27.172817+00:00,current,2016,True,True,사업결합·중단영업·회계정책 등 주석 전체 검토 미완료,False,False,DART 고정 접수번호 원문 연결 손익계산서 매출액·연간기간·백만원 확인; 최초/정정 목록 대조; 당기/전기는 공식 감사 PDF p.7 Revenue와 교차 일치 (https://images.samsung.com/is/content/samsung/assets/global/ir/docs/2016_con_quarter04_all.pdf); 전전기는 DART 원문만 확인; 원문 SHA-256은 official_evidence.json 참조
삼성전자,005930,00126380,2015,2015-01-01,2015-12-31,200653482,백만원,KRW,CFS,annual,2017-03-31,20170331004518,https://dart.fss.or.kr/report/viewer.do?rcpNo=20170331004518&dcmNo=5540271&eleId=13&offset=502744&length=111903&dtd=dart3.xsd,False,2026-10-06T12:27:27.172817+00:00,comparative,2016,True,False,사업결합·중단영업·회계정책 등 주석 전체 검토 미완료,False,False,DART 고정 접수번호 원문 연결 손익계산서 매출액·연간기간·백만원 확인; 최초/정정 목록 대조; 당기/전기는 공식 감사 PDF p.7 Revenue와 교차 일치 (https://images.samsung.com/is/content/samsung/assets/global/ir/docs/2016_con_quarter04_all.pdf); 전전기는 DART 원문만 확인; 원문 SHA-256은 official_evidence.json 참조
삼성전자,005930,00126380,2017,2017-01-01,2017-12-31,239575376,백만원,KRW,CFS,annual,2018-04-02,20180402005019,https://dart.fss.or.kr/report/viewer.do?rcpNo=20180402005019&dcmNo=6060273&eleId=13&offset=642452&length=115790&dtd=dart3.xsd,False,2026-10-06T12:27:27.172817+00:00,current,2017,True,True,"사업결합·중단영업·회계정책 등 주석 전체 검토 미완료; 2017년 Harman 인수로 연결 범위 변화 (2017 감사 PDF p.101, 주석 35)",False,False,DART 고정 접수번호 원문 연결 손익계산서 매출액·연간기간·백만원 확인; 최초/정정 목록 대조; 당기/전기는 공식 감사 PDF p.7 Revenue와 교차 일치 (https://images.samsung.com/is/content/samsung/assets/global/ir/docs/2017_con_quarter04_all.pdf); 전전기는 DART 원문만 확인; 원문 SHA-256은 official_evidence.json 참조
삼성전자,005930,00126380,2016,2016-01-01,2016-12-31,201866745,백만원,KRW,CFS,annual,2018-04-02,20180402005019,https://dart.fss.or.kr/report/viewer.do?rcpNo=20180402005019&dcmNo=6060273&eleId=13&offset=642452&length=115790&dtd=dart3.xsd,False,2026-10-06T12:27:27.172817+00:00,comparative,2017,True,False,사업결합·중단영업·회계정책 등 주석 전체 검토 미완료,False,False,DART 고정 접수번호 원문 연결 손익계산서 매출액·연간기간·백만원 확인; 최초/정정 목록 대조; 당기/전기는 공식 감사 PDF p.7 Revenue와 교차 일치 (https://images.samsung.com/is/content/samsung/assets/global/ir/docs/2017_con_quarter04_all.pdf); 전전기는 DART 원문만 확인; 원문 SHA-256은 official_evidence.json 참조
삼성전자,005930,00126380,2015,2015-01-01,2015-12-31,200653482,백만원,KRW,CFS,annual,2018-04-02,20180402005019,https://dart.fss.or.kr/report/viewer.do?rcpNo=20180402005019&dcmNo=6060273&eleId=13&offset=642452&length=115790&dtd=dart3.xsd,False,2026-10-06T12:27:27.172817+00:00,comparative,2017,True,False,사업결합·중단영업·회계정책 등 주석 전체 검토 미완료,False,False,DART 고정 접수번호 원문 연결 손익계산서 매출액·연간기간·백만원 확인; 최초/정정 목록 대조; 당기/전기는 공식 감사 PDF p.7 Revenue와 교차 일치 (https://images.samsung.com/is/content/samsung/assets/global/ir/docs/2017_con_quarter04_all.pdf); 전전기는 DART 원문만 확인; 원문 SHA-256은 official_evidence.json 참조
삼성전자,005930,00126380,2018,2018-01-01,2018-12-31,243771415,백만원,KRW,CFS,annual,2019-04-01,20190401004781,https://dart.fss.or.kr/report/viewer.do?rcpNo=20190401004781&dcmNo=6616741&eleId=13&offset=625579&length=120141&dtd=dart3.xsd,False,2026-10-06T12:27:27.172817+00:00,current,2018,True,True,사업결합·중단영업·회계정책 등 주석 전체 검토 미완료; 2018년 IFRS 15 최초 적용·비교기간 미재작성 (2018 감사 PDF p.31~32),False,False,DART 고정 접수번호 원문 연결 손익계산서 매출액·연간기간·백만원 확인; 최초/정정 목록 대조; 당기/전기는 공식 감사 PDF p.11 Revenue와 교차 일치 (https://images.samsung.com/is/content/samsung/assets/global/ir/docs/2018_con_quarter04_all.pdf); 전전기는 DART 원문만 확인; 원문 SHA-256은 official_evidence.json 참조
삼성전자,005930,00126380,2017,2017-01-01,2017-12-31,239575376,백만원,KRW,CFS,annual,2019-04-01,20190401004781,https://dart.fss.or.kr/report/viewer.do?rcpNo=20190401004781&dcmNo=6616741&eleId=13&offset=625579&length=120141&dtd=dart3.xsd,False,2026-10-06T12:27:27.172817+00:00,comparative,2018,True,False,"사업결합·중단영업·회계정책 등 주석 전체 검토 미완료; 2017년 Harman 인수로 연결 범위 변화 (2017 감사 PDF p.101, 주석 35)",False,False,DART 고정 접수번호 원문 연결 손익계산서 매출액·연간기간·백만원 확인; 최초/정정 목록 대조; 당기/전기는 공식 감사 PDF p.11 Revenue와 교차 일치 (https://images.samsung.com/is/content/samsung/assets/global/ir/docs/2018_con_quarter04_all.pdf); 전전기는 DART 원문만 확인; 원문 SHA-256은 official_evidence.json 참조
삼성전자,005930,00126380,2016,2016-01-01,2016-12-31,201866745,백만원,KRW,CFS,annual,2019-04-01,20190401004781,https://dart.fss.or.kr/report/viewer.do?rcpNo=20190401004781&dcmNo=6616741&eleId=13&offset=625579&length=120141&dtd=dart3.xsd,False,2026-10-06T12:27:27.172817+00:00,comparative,2018,True,False,사업결합·중단영업·회계정책 등 주석 전체 검토 미완료,False,False,DART 고정 접수번호 원문 연결 손익계산서 매출액·연간기간·백만원 확인; 최초/정정 목록 대조; 당기/전기는 공식 감사 PDF p.11 Revenue와 교차 일치 (https://images.samsung.com/is/content/samsung/assets/global/ir/docs/2018_con_quarter04_all.pdf); 전전기는 DART 원문만 확인; 원문 SHA-256은 official_evidence.json 참조
삼성전자,005930,00126380,2019,2019-01-01,2019-12-31,230400881,백만원,KRW,CFS,annual,2020-03-30,20200330003851,https://dart.fss.or.kr/report/viewer.do?rcpNo=20200330003851&dcmNo=7202455&eleId=13&offset=629645&length=115706&dtd=dart3.xsd,False,2026-10-06T12:27:27.172817+00:00,current,2019,True,True,사업결합·중단영업·회계정책 등 주석 전체 검토 미완료,False,False,DART 고정 접수번호 원문 연결 손익계산서 매출액·연간기간·백만원 확인; 최초/정정 목록 대조; 당기/전기는 공식 감사 PDF p.10 Revenue와 교차 일치 (https://images.samsung.com/is/content/samsung/assets/global/ir/docs/2019_con_quarter04_all.pdf); 전전기는 DART 원문만 확인; 원문 SHA-256은 official_evidence.json 참조
삼성전자,005930,00126380,2018,2018-01-01,2018-12-31,243771415,백만원,KRW,CFS,annual,2020-03-30,20200330003851,https://dart.fss.or.kr/report/viewer.do?rcpNo=20200330003851&dcmNo=7202455&eleId=13&offset=629645&length=115706&dtd=dart3.xsd,False,2026-10-06T12:27:27.172817+00:00,comparative,2019,True,False,사업결합·중단영업·회계정책 등 주석 전체 검토 미완료; 2018년 IFRS 15 최초 적용·비교기간 미재작성 (2018 감사 PDF p.31~32),False,False,DART 고정 접수번호 원문 연결 손익계산서 매출액·연간기간·백만원 확인; 최초/정정 목록 대조; 당기/전기는 공식 감사 PDF p.10 Revenue와 교차 일치 (https://images.samsung.com/is/content/samsung/assets/global/ir/docs/2019_con_quarter04_all.pdf); 전전기는 DART 원문만 확인; 원문 SHA-256은 official_evidence.json 참조
삼성전자,005930,00126380,2017,2017-01-01,2017-12-31,239575376,백만원,KRW,CFS,annual,2020-03-30,20200330003851,https://dart.fss.or.kr/report/viewer.do?rcpNo=20200330003851&dcmNo=7202455&eleId=13&offset=629645&length=115706&dtd=dart3.xsd,False,2026-10-06T12:27:27.172817+00:00,comparative,2019,True,False,"사업결합·중단영업·회계정책 등 주석 전체 검토 미완료; 2017년 Harman 인수로 연결 범위 변화 (2017 감사 PDF p.101, 주석 35)",False,False,DART 고정 접수번호 원문 연결 손익계산서 매출액·연간기간·백만원 확인; 최초/정정 목록 대조; 당기/전기는 공식 감사 PDF p.10 Revenue와 교차 일치 (https://images.samsung.com/is/content/samsung/assets/global/ir/docs/2019_con_quarter04_all.pdf); 전전기는 DART 원문만 확인; 원문 SHA-256은 official_evidence.json 참조
삼성전자,005930,00126380,2020,2020-01-01,2020-12-31,236806988,백만원,KRW,CFS,annual,2021-03-09,20210309000744,https://dart.fss.or.kr/report/viewer.do?rcpNo=20210309000744&dcmNo=7861003&eleId=14&offset=687340&length=115750&dtd=dart3.xsd,False,2026-10-06T12:27:27.172817+00:00,current,2020,True,True,사업결합·중단영업·회계정책 등 주석 전체 검토 미완료,False,False,DART 고정 접수번호 원문 연결 손익계산서 매출액·연간기간·백만원 확인; 최초/정정 목록 대조; 당기/전기는 공식 감사 PDF p.10 Revenue와 교차 일치 (https://images.samsung.com/is/content/samsung/assets/global/ir/docs/2020_con_quarter04_all.pdf); 전전기는 DART 원문만 확인; 원문 SHA-256은 official_evidence.json 참조
삼성전자,005930,00126380,2019,2019-01-01,2019-12-31,230400881,백만원,KRW,CFS,annual,2021-03-09,20210309000744,https://dart.fss.or.kr/report/viewer.do?rcpNo=20210309000744&dcmNo=7861003&eleId=14&offset=687340&length=115750&dtd=dart3.xsd,False,2026-10-06T12:27:27.172817+00:00,comparative,2020,True,False,사업결합·중단영업·회계정책 등 주석 전체 검토 미완료,False,False,DART 고정 접수번호 원문 연결 손익계산서 매출액·연간기간·백만원 확인; 최초/정정 목록 대조; 당기/전기는 공식 감사 PDF p.10 Revenue와 교차 일치 (https://images.samsung.com/is/content/samsung/assets/global/ir/docs/2020_con_quarter04_all.pdf); 전전기는 DART 원문만 확인; 원문 SHA-256은 official_evidence.json 참조
삼성전자,005930,00126380,2018,2018-01-01,2018-12-31,243771415,백만원,KRW,CFS,annual,2021-03-09,20210309000744,https://dart.fss.or.kr/report/viewer.do?rcpNo=20210309000744&dcmNo=7861003&eleId=14&offset=687340&length=115750&dtd=dart3.xsd,False,2026-10-06T12:27:27.172817+00:00,comparative,2020,True,False,사업결합·중단영업·회계정책 등 주석 전체 검토 미완료; 2018년 IFRS 15 최초 적용·비교기간 미재작성 (2018 감사 PDF p.31~32),False,False,DART 고정 접수번호 원문 연결 손익계산서 매출액·연간기간·백만원 확인; 최초/정정 목록 대조; 당기/전기는 공식 감사 PDF p.10 Revenue와 교차 일치 (https://images.samsung.com/is/content/samsung/assets/global/ir/docs/2020_con_quarter04_all.pdf); 전전기는 DART 원문만 확인; 원문 SHA-256은 official_evidence.json 참조
삼성전자,005930,00126380,2021,2021-01-01,2021-12-31,279604799,백만원,KRW,CFS,annual,2022-03-08,20220308000798,https://dart.fss.or.kr/report/viewer.do?rcpNo=20220308000798&dcmNo=8446647&eleId=19&offset=425363&length=101414&dtd=dart3.xsd,False,2026-10-06T12:27:27.172817+00:00,current,2021,True,True,사업결합·중단영업·회계정책 등 주석 전체 검토 미완료,False,False,DART 고정 접수번호 원문 연결 손익계산서 매출액·연간기간·백만원 확인; 최초/정정 목록 대조; 당기/전기는 공식 감사 PDF p.9 Revenue와 교차 일치 (https://images.samsung.com/is/content/samsung/assets/global/ir/docs/2021_con_quarter04_all.pdf); 전전기는 DART 원문만 확인; 원문 SHA-256은 official_evidence.json 참조
삼성전자,005930,00126380,2020,2020-01-01,2020-12-31,236806988,백만원,KRW,CFS,annual,2022-03-08,20220308000798,https://dart.fss.or.kr/report/viewer.do?rcpNo=20220308000798&dcmNo=8446647&eleId=19&offset=425363&length=101414&dtd=dart3.xsd,False,2026-10-06T12:27:27.172817+00:00,comparative,2021,True,False,사업결합·중단영업·회계정책 등 주석 전체 검토 미완료,False,False,DART 고정 접수번호 원문 연결 손익계산서 매출액·연간기간·백만원 확인; 최초/정정 목록 대조; 당기/전기는 공식 감사 PDF p.9 Revenue와 교차 일치 (https://images.samsung.com/is/content/samsung/assets/global/ir/docs/2021_con_quarter04_all.pdf); 전전기는 DART 원문만 확인; 원문 SHA-256은 official_evidence.json 참조
삼성전자,005930,00126380,2019,2019-01-01,2019-12-31,230400881,백만원,KRW,CFS,annual,2022-03-08,20220308000798,https://dart.fss.or.kr/report/viewer.do?rcpNo=20220308000798&dcmNo=8446647&eleId=19&offset=425363&length=101414&dtd=dart3.xsd,False,2026-10-06T12:27:27.172817+00:00,comparative,2021,True,False,사업결합·중단영업·회계정책 등 주석 전체 검토 미완료,False,False,DART 고정 접수번호 원문 연결 손익계산서 매출액·연간기간·백만원 확인; 최초/정정 목록 대조; 당기/전기는 공식 감사 PDF p.9 Revenue와 교차 일치 (https://images.samsung.com/is/content/samsung/assets/global/ir/docs/2021_con_quarter04_all.pdf); 전전기는 DART 원문만 확인; 원문 SHA-256은 official_evidence.json 참조
삼성전자,005930,00126380,2022,2022-01-01,2022-12-31,302231360,백만원,KRW,CFS,annual,2023-03-07,20230307000542,https://dart.fss.or.kr/report/viewer.do?rcpNo=20230307000542&dcmNo=9040011&eleId=19&offset=305544&length=101364&dtd=dart3.xsd,False,2026-10-06T12:27:27.172817+00:00,current,2022,True,True,사업결합·중단영업·회계정책 등 주석 전체 검토 미완료,False,False,DART 고정 접수번호 원문 연결 손익계산서 매출액·연간기간·백만원 확인; 최초/정정 목록 대조; 당기/전기는 공식 감사 PDF p.9 Revenue와 교차 일치 (https://images.samsung.com/is/content/samsung/assets/global/ir/docs/2022_con_quarter04_all.pdf); 전전기는 DART 원문만 확인; 원문 SHA-256은 official_evidence.json 참조
삼성전자,005930,00126380,2021,2021-01-01,2021-12-31,279604799,백만원,KRW,CFS,annual,2023-03-07,20230307000542,https://dart.fss.or.kr/report/viewer.do?rcpNo=20230307000542&dcmNo=9040011&eleId=19&offset=305544&length=101364&dtd=dart3.xsd,False,2026-10-06T12:27:27.172817+00:00,comparative,2022,True,False,사업결합·중단영업·회계정책 등 주석 전체 검토 미완료,False,False,DART 고정 접수번호 원문 연결 손익계산서 매출액·연간기간·백만원 확인; 최초/정정 목록 대조; 당기/전기는 공식 감사 PDF p.9 Revenue와 교차 일치 (https://images.samsung.com/is/content/samsung/assets/global/ir/docs/2022_con_quarter04_all.pdf); 전전기는 DART 원문만 확인; 원문 SHA-256은 official_evidence.json 참조
삼성전자,005930,00126380,2020,2020-01-01,2020-12-31,236806988,백만원,KRW,CFS,annual,2023-03-07,20230307000542,https://dart.fss.or.kr/report/viewer.do?rcpNo=20230307000542&dcmNo=9040011&eleId=19&offset=305544&length=101364&dtd=dart3.xsd,False,2026-10-06T12:27:27.172817+00:00,comparative,2022,True,False,사업결합·중단영업·회계정책 등 주석 전체 검토 미완료,False,False,DART 고정 접수번호 원문 연결 손익계산서 매출액·연간기간·백만원 확인; 최초/정정 목록 대조; 당기/전기는 공식 감사 PDF p.9 Revenue와 교차 일치 (https://images.samsung.com/is/content/samsung/assets/global/ir/docs/2022_con_quarter04_all.pdf); 전전기는 DART 원문만 확인; 원문 SHA-256은 official_evidence.json 참조
삼성전자,005930,00126380,2023,2023-01-01,2023-12-31,258935494,백만원,KRW,CFS,annual,2024-03-12,20240312000736,https://dart.fss.or.kr/report/viewer.do?rcpNo=20240312000736&dcmNo=9702846&eleId=21&offset=347459&length=11956&dtd=dart4.xsd,False,2026-10-06T12:27:27.172817+00:00,current,2023,True,True,사업결합·중단영업·회계정책 등 주석 전체 검토 미완료,False,False,DART 고정 접수번호 원문 연결 손익계산서 매출액·연간기간·백만원 확인; 최초/정정 목록 대조; 당기/전기는 공식 감사 PDF p.9 Revenue와 교차 일치 (https://images.samsung.com/is/content/samsung/assets/global/ir/docs/2023_con_quarter04_all.pdf); 전전기는 DART 원문만 확인; 원문 SHA-256은 official_evidence.json 참조
삼성전자,005930,00126380,2022,2022-01-01,2022-12-31,302231360,백만원,KRW,CFS,annual,2024-03-12,20240312000736,https://dart.fss.or.kr/report/viewer.do?rcpNo=20240312000736&dcmNo=9702846&eleId=21&offset=347459&length=11956&dtd=dart4.xsd,False,2026-10-06T12:27:27.172817+00:00,comparative,2023,True,False,사업결합·중단영업·회계정책 등 주석 전체 검토 미완료,False,False,DART 고정 접수번호 원문 연결 손익계산서 매출액·연간기간·백만원 확인; 최초/정정 목록 대조; 당기/전기는 공식 감사 PDF p.9 Revenue와 교차 일치 (https://images.samsung.com/is/content/samsung/assets/global/ir/docs/2023_con_quarter04_all.pdf); 전전기는 DART 원문만 확인; 원문 SHA-256은 official_evidence.json 참조
삼성전자,005930,00126380,2021,2021-01-01,2021-12-31,279604799,백만원,KRW,CFS,annual,2024-03-12,20240312000736,https://dart.fss.or.kr/report/viewer.do?rcpNo=20240312000736&dcmNo=9702846&eleId=21&offset=347459&length=11956&dtd=dart4.xsd,False,2026-10-06T12:27:27.172817+00:00,comparative,2023,True,False,사업결합·중단영업·회계정책 등 주석 전체 검토 미완료,False,False,DART 고정 접수번호 원문 연결 손익계산서 매출액·연간기간·백만원 확인; 최초/정정 목록 대조; 당기/전기는 공식 감사 PDF p.9 Revenue와 교차 일치 (https://images.samsung.com/is/content/samsung/assets/global/ir/docs/2023_con_quarter04_all.pdf); 전전기는 DART 원문만 확인; 원문 SHA-256은 official_evidence.json 참조
삼성전자,005930,00126380,2024,2024-01-01,2024-12-31,300870903,백만원,KRW,CFS,annual,2025-03-11,20250311001085,https://dart.fss.or.kr/report/viewer.do?rcpNo=20250311001085&dcmNo=10392692&eleId=21&offset=374789&length=20043&dtd=dart4.xsd,False,2026-10-06T12:27:27.172817+00:00,current,2024,True,True,사업결합·중단영업·회계정책 등 주석 전체 검토 미완료,False,False,DART 고정 접수번호 원문 연결 손익계산서 매출액·연간기간·백만원 확인; 최초/정정 목록 대조; 당기/전기는 공식 감사 PDF p.9 Revenue와 교차 일치 (https://images.samsung.com/is/content/samsung/assets/global/ir/docs/2024_con_quarter04_all.pdf); 전전기는 DART 원문만 확인; 원문 SHA-256은 official_evidence.json 참조
삼성전자,005930,00126380,2023,2023-01-01,2023-12-31,258935494,백만원,KRW,CFS,annual,2025-03-11,20250311001085,https://dart.fss.or.kr/report/viewer.do?rcpNo=20250311001085&dcmNo=10392692&eleId=21&offset=374789&length=20043&dtd=dart4.xsd,False,2026-10-06T12:27:27.172817+00:00,comparative,2024,True,False,사업결합·중단영업·회계정책 등 주석 전체 검토 미완료,False,False,DART 고정 접수번호 원문 연결 손익계산서 매출액·연간기간·백만원 확인; 최초/정정 목록 대조; 당기/전기는 공식 감사 PDF p.9 Revenue와 교차 일치 (https://images.samsung.com/is/content/samsung/assets/global/ir/docs/2024_con_quarter04_all.pdf); 전전기는 DART 원문만 확인; 원문 SHA-256은 official_evidence.json 참조
삼성전자,005930,00126380,2022,2022-01-01,2022-12-31,302231360,백만원,KRW,CFS,annual,2025-03-11,20250311001085,https://dart.fss.or.kr/report/viewer.do?rcpNo=20250311001085&dcmNo=10392692&eleId=21&offset=374789&length=20043&dtd=dart4.xsd,False,2026-10-06T12:27:27.172817+00:00,comparative,2024,True,False,사업결합·중단영업·회계정책 등 주석 전체 검토 미완료,False,False,DART 고정 접수번호 원문 연결 손익계산서 매출액·연간기간·백만원 확인; 최초/정정 목록 대조; 당기/전기는 공식 감사 PDF p.9 Revenue와 교차 일치 (https://images.samsung.com/is/content/samsung/assets/global/ir/docs/2024_con_quarter04_all.pdf); 전전기는 DART 원문만 확인; 원문 SHA-256은 official_evidence.json 참조
삼성전자,005930,00126380,2025,2025-01-01,2025-12-31,333605938,백만원,KRW,CFS,annual,2026-03-10,20260310002820,https://dart.fss.or.kr/report/viewer.do?rcpNo=20260310002820&dcmNo=11104488&eleId=21&offset=432032&length=19681&dtd=dart4.xsd,False,2026-10-06T12:27:27.172817+00:00,current,2025,True,True,사업결합·중단영업·회계정책 등 주석 전체 검토 미완료,False,False,DART 고정 접수번호 원문 연결 손익계산서 매출액·연간기간·백만원 확인; 최초/정정 목록 대조; 당기/전기는 공식 감사 PDF p.9 Revenue와 교차 일치 (https://images.samsung.com/is/content/samsung/assets/global/ir/docs/2025_con_quarter04_all.pdf); 전전기는 DART 원문만 확인; 원문 SHA-256은 official_evidence.json 참조
삼성전자,005930,00126380,2024,2024-01-01,2024-12-31,300870903,백만원,KRW,CFS,annual,2026-03-10,20260310002820,https://dart.fss.or.kr/report/viewer.do?rcpNo=20260310002820&dcmNo=11104488&eleId=21&offset=432032&length=19681&dtd=dart4.xsd,False,2026-10-06T12:27:27.172817+00:00,comparative,2025,True,False,사업결합·중단영업·회계정책 등 주석 전체 검토 미완료,False,False,DART 고정 접수번호 원문 연결 손익계산서 매출액·연간기간·백만원 확인; 최초/정정 목록 대조; 당기/전기는 공식 감사 PDF p.9 Revenue와 교차 일치 (https://images.samsung.com/is/content/samsung/assets/global/ir/docs/2025_con_quarter04_all.pdf); 전전기는 DART 원문만 확인; 원문 SHA-256은 official_evidence.json 참조
삼성전자,005930,00126380,2023,2023-01-01,2023-12-31,258935494,백만원,KRW,CFS,annual,2026-03-10,20260310002820,https://dart.fss.or.kr/report/viewer.do?rcpNo=20260310002820&dcmNo=11104488&eleId=21&offset=432032&length=19681&dtd=dart4.xsd,False,2026-10-06T12:27:27.172817+00:00,comparative,2025,True,False,사업결합·중단영업·회계정책 등 주석 전체 검토 미완료,False,False,DART 고정 접수번호 원문 연결 손익계산서 매출액·연간기간·백만원 확인; 최초/정정 목록 대조; 당기/전기는 공식 감사 PDF p.9 Revenue와 교차 일치 (https://images.samsung.com/is/content/samsung/assets/global/ir/docs/2025_con_quarter04_all.pdf); 전전기는 DART 원문만 확인; 원문 SHA-256은 official_evidence.json 참조
